image_number	cell_id	Cgroup	C101	C102	C103	C104	C105	C106	C107	C108	C109	C110	C111	C112	C113	C114	C115	C116	C117	C118	C126	C127	C128	
1	0	no	1823.0	159.78174579999998	53.14132102234569	42.720018726587654	-1.0	-1.0	-1.0	-1.0	-1.0	-1.0	-1.0	-1.0	-1.0	-1.0	1.243944235194638	-1.0	-1.0	-1.0	112.0	3.0	-1.0	
1	1	large	2209.0	213.13708480000008	48.010415536631214	35.805027579936315	24.561044085086962	44.01874530937198	33.54101966249684	30.664077542202506	17.26267650163207	31.805598492163067	42.98279051912791	20.591260281974	45.77045310512304	1.0938212511475307	1.3408847522724519	0.8157459090304274	0.7492864532586502	0.6124087591240875	140.0	3.0	44.204072210600685	
1	2	small	1459.0	163.43860003999993	43.86342439892262	34.0147027033899	8.677497605033732	13.92948126941489	17.804493814764857	17.1241348104304	13.601470508735444	7.340968116659607	37.51318984401513	20.248456731316587	30.494930895501508	1.0397310002441726	1.2895430773396468	0.8062786102416668	0.4091005843153682	0.2107883817427386	138.0	3.0	42.941821107167776	
1	3	no	1085.0	121.63961019999986	39.824615503479755	33.61547262794322	-1.0	-1.0	-1.0	-1.0	-1.0	-1.0	-1.0	-1.0	-1.0	-1.0	1.184710860509369	-1.0	-1.0	-1.0	104.0	3.0	-1.0	
1	4	small	1904.0	186.75230852	50.11985634456667	38.47076812334269	23.6407189378549	34.32105280346485	20.09975124224178	21.577482925580224	15.132745950421556	20.59064161926465	38.00288040292366	23.08679276123039	36.51926634153789	0.9315151035718543	1.302803629599372	0.7150080659955688	0.4142135623740777	0.22522522522522523	145.0	4.0	47.29693436154187	
1	5	small	1533.0	162.75230851999996	45.17742799230607	37.12142238654117	2.9356734464211627	6.230324614005639	15.297058540778355	17.67145464356379	13.341664064126334	2.7447334987976246	36.82509753439897	21.213203435596427	25.29113678742023	0.8656366354282993	1.217017697271366	0.7112769496853775	0.32485281376681574	0.13808463251670378	104.0	4.0	44.721359549995796	
1	6	no	1202.0	129.63961019999988	43.86342439892262	32.69556544854363	-1.0	-1.0	-1.0	-1.0	-1.0	-1.0	-1.0	-1.0	-1.0	-1.0	1.3415710600862674	-1.0	-1.0	-1.0	104.0	3.0	-1.0	
1	7	small	1695.0	178.16652208000002	45.69463863518345	37.16180835212409	20.596028311148388	31.729356123596318	20.223748416156685	18.58352634133697	14.142135623730951	18.382900600361157	37.1618083521241	22.02271554554524	34.95462689212266	1.088262154592868	1.2296128918756357	0.8850445223722783	0.4414555807249707	0.22294372294372294	101.0	4.0	43.93176527297759	
1	8	large	1864.0	197.23758988000003	43.41658669218482	33.95585369269929	7.414630290974722	5.795733986929772	32.38826948140329	26.338355097644282	14.142135623730951	5.919396700207692	52.30320568797392	20.223748416156685	58.618206033243965	1.2296997804657936	1.278618617134625	0.9617408693935193	0.7581562700160644	0.590443686006826	108.0	3.0	41.97618372363071	
1	9	no	1296.0	136.46803731999992	47.20169488482379	32.802438933713454	-1.0	-1.0	-1.0	-1.0	-1.0	-1.0	-1.0	-1.0	-1.0	-1.0	1.4389690650810472	-1.0	-1.0	-1.0	115.0	4.0	-1.0	
1	10	small	1220.0	135.29646443999988	41.78516483155236	34.17601498127012	4.398705354995542	12.907408671265841	7.0710678118654755	-1.0	13.341664064126334	3.087220082056274	25.866093530344855	18.973665961010276	13.820723450464335	-1.0	1.2226459069160744	-1.0	0.2006975266442447	0.06086956521739131	110.0	3.0	41.43669871020132	
2	11	complex	-1.0	-1.0	-1.0	-1.0	-1.0	-1.0	-1.0	-1.0	-1.0	-1.0	-1.0	-1.0	-1.0	-1.0	-1.0	-1.0	-1.0	-1.0	-1.0	-1.0	-1.0	
2	12	no	1094.0	123.74011527999987	41.036569057366385	31.827660925679098	-1.0	-1.0	-1.0	-1.0	-1.0	-1.0	-1.0	-1.0	-1.0	-1.0	1.2893366293297848	-1.0	-1.0	-1.0	82.0	5.0	-1.0	
2	13	no	1321.0	136.22539663999987	48.010415536631214	33.015148038438355	-1.0	-1.0	-1.0	-1.0	-1.0	-1.0	-1.0	-1.0	-1.0	-1.0	1.4541935562649728	-1.0	-1.0	-1.0	105.0	3.0	-1.0	
2	14	no	1218.0	129.88225087999987	42.579337712087536	34.52535300326414	-1.0	-1.0	-1.0	-1.0	-1.0	-1.0	-1.0	-1.0	-1.0	-1.0	1.2332774036535399	-1.0	-1.0	-1.0	107.0	4.0	-1.0	
2	15	large	2053.0	210.89444412000006	42.7551166528639	34.52535300326414	3.959264968908144	17.195176520917556	36.235341863986875	29.028626253081843	14.317821063276353	12.068730958904691	54.04723884571383	19.6468827043885	40.824096947199166	1.248262372048692	1.2383687039730396	1.0079892749581856	0.8093253452739865	0.6814086814086814	121.0	4.0	41.97618372363071	
2	16	small	1783.0	182.50966783999996	51.419840528729765	34.92849839314596	31.504266719204196	49.939215542126206	20.12461179749811	19.43855262778159	14.866068747318506	26.487830105949296	30.92031005294889	21.213203435596427	34.608233924485376	1.03529373728865	1.47214575187177	0.7032549161469361	0.3981352392994422	0.2112771739130435	108.0	4.0	47.01063709417264	
2	17	medium	1590.0	178.16652208	43.139309220245984	34.655446902326915	23.74949449286676	28.28906672580546	23.08679276123039	21.81652213259151	14.560219778561036	18.660474971680824	38.14696153611671	19.313207915827967	39.37472070506454	1.0582251662716322	1.244806028380763	0.8501125011807389	0.5576118444969762	0.3350125944584383	82.0	5.0	41.14608122288197	
2	18	medium	1844.0	195.82337632000002	47.75981574503821	32.89376840679705	30.923034591870525	51.3333821691042	27.51363298439521	23.277202422553817	14.560219778561036	32.03529946949078	35.082632847914795	20.615528128088304	41.02910181883496	1.1819991288015186	1.4519411444256807	0.8140819848927565	0.5911788344811145	0.4054878048780488	128.0	4.0	44.40720662234904	
2	19	medium	1768.0	188.75230852	45.17742799230607	33.13608305156178	7.920739901641072	13.506576881495244	27.294688127912362	24.31141187288308	14.142135623730951	9.274543032227458	47.8934096564923	21.02379604162864	39.709980297205824	1.122710942113437	1.3633907158551968	0.8234696987863881	0.6147572655944393	0.43623070674248576	80.0	4.0	44.28317965096906	
2	20	small	1607.0	165.09545428	47.43416490252569	37.44329045369811	28.254249461679933	39.458795221960145	12.041594578792296	16.02596725770901	13.038404810405298	17.83524600334966	28.57654834911339	21.213203435596427	28.06388158032585	0.7513802059591691	1.2668268287260214	0.5931199031479237	0.2688784099700079	0.10522696011004126	68.0	4.0	46.486557196677836	
2	21	large	2180.0	216.30865768000012	45.221676218380054	34.40930106817051	39.41878420925098	53.35602551399592	37.013511046643494	29.422846813525467	15.0	42.08158916556344	37.43173967550981	19.6468827043885	52.447290783144126	1.2579853771875213	1.3142282701060521	0.9572046240384159	0.8219758567410081	0.6991426344505066	97.0	4.0	41.340053217188775	
3	22	medium	1447.0	167.9238814	40.8166632639171	33.61547262794322	27.452757415276544	25.523424501068014	21.095023109728988	18.538890001730742	12.041594578792296	17.83585285482092	36.709286037948615	19.026297590440446	41.39400761154368	1.137879512082957	1.2142225015152044	0.9371260297540357	0.5067778640085301	0.2862222222222222	125.0	4.0	39.293765408777	
3	23	complex	-1.0	-1.0	-1.0	-1.0	-1.0	-1.0	-1.0	-1.0	-1.0	-1.0	-1.0	-1.0	-1.0	-1.0	-1.0	-1.0	-1.0	-1.0	-1.0	-1.0	-1.0	
3	24	large	2437.0	228.8944441200001	50.80354318352215	34.52535300326414	11.888658039627984	29.196686941747743	36.235341863986875	35.73912809507539	15.620499351813308	22.32127778772341	53.81552506716843	22.847319317591726	45.75821567233979	1.013884327776308	1.47148511931852	0.6890211219029263	0.8112641144912384	0.7308238636363636	115.0	3.0	48.104053883222775	
3	25	complex	-1.0	-1.0	-1.0	-1.0	-1.0	-1.0	-1.0	-1.0	-1.0	-1.0	-1.0	-1.0	-1.0	-1.0	-1.0	-1.0	-1.0	-1.0	-1.0	-1.0	-1.0	
3	26	complex	-1.0	-1.0	-1.0	-1.0	-1.0	-1.0	-1.0	-1.0	-1.0	-1.0	-1.0	-1.0	-1.0	-1.0	-1.0	-1.0	-1.0	-1.0	-1.0	-1.0	-1.0	
3	27	no	1094.0	123.63961019999985	40.718546143004666	32.69556544854363	-1.0	-1.0	-1.0	-1.0	-1.0	-1.0	-1.0	-1.0	-1.0	-1.0	1.2453843689318547	-1.0	-1.0	-1.0	109.0	3.0	-1.0	
3	28	no	1376.0	138.12489155999987	47.07440918375928	35.90264614203248	-1.0	-1.0	-1.0	-1.0	-1.0	-1.0	-1.0	-1.0	-1.0	-1.0	1.3111682352752163	-1.0	-1.0	-1.0	114.0	4.0	-1.0	
3	29	no	1111.0	123.98275595999988	42.05948168962618	31.76476034853718	-1.0	-1.0	-1.0	-1.0	-1.0	-1.0	-1.0	-1.0	-1.0	-1.0	1.3240925235427785	-1.0	-1.0	-1.0	96.0	3.0	-1.0	
3	30	medium	1611.0	176.50966783999993	42.190046219457976	32.0624390837628	11.15092516850515	17.208620963026153	24.515301344262525	23.483227193352707	13.152946437965905	11.140068383789464	43.47766545016083	20.09975124224178	37.65422101896531	1.0439494172760873	1.315871387988821	0.7933521670926065	0.5851378225507915	0.40821678321678323	117.0	5.0	41.30375285612676	
3	31	medium	1795.0	184.16652208	46.66904755831214	37.48332962798263	31.607502246248913	47.6025622024998	22.02271554554524	21.287261220999127	14.0	27.577164466275352	33.40151508486423	21.587033144922902	37.34286549027237	1.034549034603879	1.245061418542499	0.8309220888194807	0.4700168354299784	0.2561231630510847	109.0	3.0	43.657759905886145	
3	32	small	1689.0	167.82337631999994	50.80354318352215	39.6232255123179	11.3099324740202	15.914566859231314	10.04987562112089	-1.0	11.180339887498949	6.692446603021128	33.869024609892115	25.0	24.406840794150753	-1.0	1.2821657633028527	-1.0	0.2020126074266402	0.06092964824120603	80.0	4.0	50.08991914547278	
3	33	complex	-1.0	-1.0	-1.0	-1.0	-1.0	-1.0	-1.0	-1.0	-1.0	-1.0	-1.0	-1.0	-1.0	-1.0	-1.0	-1.0	-1.0	-1.0	-1.0	-1.0	-1.0	
3	34	no	1285.0	133.29646443999985	44.27188724235731	35.73513677041127	-1.0	-1.0	-1.0	-1.0	-1.0	-1.0	-1.0	-1.0	-1.0	-1.0	1.2388895424352895	-1.0	-1.0	-1.0	114.0	3.0	-1.0	
3	35	no	1431.0	142.81118307999995	47.20169488482379	37.20215047547655	-1.0	-1.0	-1.0	-1.0	-1.0	-1.0	-1.0	-1.0	-1.0	-1.0	1.26878941893262	-1.0	-1.0	-1.0	105.0	4.0	-1.0	
3	36	small	1371.0	146.26702715999983	43.289721643826724	36.22154055254967	16.660867964104114	30.595003589716647	9.848857801796104	-1.0	13.601470508735444	10.85708066840905	28.04960762301102	20.223748416156685	21.331627496977738	-1.0	1.1951375061207747	-1.0	0.24223640904611884	0.07952755905511812	102.0	3.0	42.190046219457976	
4	37	no	1301.0	136.12489155999987	48.08326112068523	33.52610922848042	-1.0	-1.0	-1.0	-1.0	-1.0	-1.0	-1.0	-1.0	-1.0	-1.0	1.4342034380726323	-1.0	-1.0	-1.0	144.0	4.0	-1.0	
4	38	small	1508.0	158.61017291999997	48.703182647543684	34.785054261852174	29.63506680847963	39.857235442115766	11.661903789690601	-1.0	11.180339887498949	17.98650421553468	27.5118156434649	21.2602916254693	28.065460768596054	-1.0	1.4001180587766149	-1.0	0.22372638960002114	0.08411214953271028	116.0	3.0	45.48626166217664	
4	39	large	2428.0	222.2081526000001	50.20956084253277	39.59797974644666	38.8714110231914	45.80692945510236	32.0	30.723434366095564	16.0	36.26799297669662	40.30508652763321	22.20360331117452	50.58333333333334	1.041550225755789	1.267982891148338	0.8214229332483484	0.6762182711848188	0.503405572755418	82.0	4.0	46.238512086787566	
4	40	small	1508.0	156.85281359999993	47.53945729601885	35.4682957019364	27.689355688217876	48.81407483429036	11.180339887498949	14.853132303197082	14.317821063276353	18.216446910775364	25.628522093052613	21.095023109728988	24.205435856435223	0.7527260687695094	1.3403366684298683	0.5615947742825593	0.24748388184713097	0.09433962264150944	86.0	3.0	44.181444068749045	
4	41	medium	2205.0	211.48023056000014	48.76474136094644	39.35733730830886	27.64597536373867	35.99491453423994	29.274562336608895	27.403933022441304	15.132745950421556	27.786469530732724	43.29561186143207	22.0	47.27894155674023	1.0682613445535616	1.239025419299683	0.862178715556425	0.6219872177442282	0.4318181818181818	93.0	4.0	45.70557952810576	
4	42	large	1883.0	199.82337632000005	44.40720662234904	32.2490309931942	0.3649363357306443	1.1154931320949109	32.38826948140329	26.434251167106297	14.142135623730951	0.7656414934887764	53.58300534253806	21.213203435596427	39.32861294170405	1.2252387736145116	1.3770090218128008	0.8897826769511741	0.7381716889890011	0.594411515664691	136.0	4.0	44.553338819890925	
4	43	large	1811.0	196.40916276000007	41.10960958218893	33.97057550292606	24.350296049758768	31.59249156293682	30.4138126514911	25.965488154769137	12.165525060596439	23.93600936619758	42.80174764406801	19.6468827043885	45.69036892987366	1.1713168059929169	1.2101534629181643	0.9679076595528664	0.7334075712525129	0.5706851691240243	57.0	3.0	40.24922359499622	
4	44	no	1170.0	127.88225087999986	40.85339643163099	34.17601498127012	-1.0	-1.0	-1.0	-1.0	-1.0	-1.0	-1.0	-1.0	-1.0	-1.0	1.1953820963040995	-1.0	-1.0	-1.0	99.0	4.0	-1.0	
4	45	no	1060.0	119.39696951999989	38.8329756778952	32.7566787083184	-1.0	-1.0	-1.0	-1.0	-1.0	-1.0	-1.0	-1.0	-1.0	-1.0	1.1854979567276385	-1.0	-1.0	-1.0	84.0	4.0	-1.0	
4	46	no	1257.0	133.0538237599999	45.221676218380054	33.83784863137726	-1.0	-1.0	-1.0	-1.0	-1.0	-1.0	-1.0	-1.0	-1.0	-1.0	1.33642291243205	-1.0	-1.0	-1.0	84.0	3.0	-1.0	
5	47	large	2354.0	222.79393904000014	47.70744176750625	36.89173349139343	27.829438648061842	41.38975367982924	34.36568055487916	31.773508041961318	14.142135623730951	33.0346784822451	45.15916825618036	22.090722034374522	49.963387965396265	1.0815828239517815	1.2931743036318977	0.8363782213380991	0.7589667017471778	0.6178694158075602	122.0	4.0	45.60701700396552	
5	48	no	1626.0	150.36753223999997	51.86520991955976	39.21734310225516	-1.0	-1.0	-1.0	-1.0	-1.0	-1.0	-1.0	-1.0	-1.0	-1.0	1.3225069782092733	-1.0	-1.0	-1.0	135.0	3.0	-1.0	
5	49	large	1854.0	192.16652208000005	42.638011210655684	33.301651610693426	25.6618141689554	35.598020876049084	31.064449134018133	26.993454307950184	15.033296378372908	26.314548172912918	41.07904364601317	18.681541692269406	45.206630257287095	1.150814148482988	1.2803572540217278	0.8988226878616633	0.7253316572240441	0.5751911639762107	122.0	3.0	40.311288741492746	
5	50	large	2334.0	223.13708480000008	48.76474136094644	38.3275357934736	41.15525838210121	60.461217740441896	31.11269837220809	33.49827554679681	14.142135623730951	40.45956043109643	32.58753724033256	21.93171219946131	46.504055976035275	0.9287850751822705	1.2723161129824079	0.7299955299670976	0.6810547861881024	0.517555266579974	110.0	4.0	44.721359549995796	
5	51	no	1349.0	135.05382375999986	44.14748010928823	36.87817782917155	-1.0	-1.0	-1.0	-1.0	-1.0	-1.0	-1.0	-1.0	-1.0	-1.0	1.197116633955989	-1.0	-1.0	-1.0	109.0	4.0	-1.0	
5	52	large	2287.0	213.96551192000015	47.20169488482379	38.600518131237564	25.600053948273285	34.59444120758982	32.01562118716424	31.221791242303	17.029386365926403	27.414269829875213	44.843957641055184	21.37755832643195	48.28463148740155	1.0254255093405937	1.2228254222998551	0.8385706501031053	0.7043368464827174	0.5526137135098439	115.0	3.0	44.77722635447622	
5	53	medium	1534.0	174.16652207999996	42.190046219457976	34.132096331752024	15.810173476127744	21.124719146072493	22.360679774997898	20.515953811920397	13.0	13.32067751423336	38.84906415098986	19.313207915827967	36.9608883339671	1.089916656080872	1.236081306269193	0.8817515891171568	0.533738896204248	0.32469775474956825	175.0	3.0	40.162171256046406	
5	54	small	1535.0	158.8528136	47.53945729601885	38.3275357934736	9.651133260521362	7.495857639729849	8.06225774829855	-1.0	11.0	4.922226994366554	30.839446771875966	23.08679276123039	37.73136626203727	-1.0	1.2403473458920846	-1.0	0.18993637715318126	0.03506405933917734	190.0	6.0	47.53945729601885	
5	55	small	1846.0	175.33809496000003	52.009614495783374	38.600518131237564	33.89616656336392	46.717766023605606	13.152946437965905	16.08176193375792	15.132745950421556	22.457386222208864	29.01515456844703	24.08318915758459	30.848677589446137	0.8178796883167377	1.3473812532504446	0.6070143000310205	0.2687334342126244	0.09750297265160524	109.0	4.0	48.76474136094644	
5	56	small	1594.0	166.9949492	47.43416490252569	37.0	89.21517539700811	88.66778014613035	13.601470508735444	14.999567330489056	12.36931687685298	32.887687665751145	0.7567567567567568	18.973665961010276	32.89657983508107	0.9067908566327941	1.2820044568250186	0.7073227021991254	0.2913798396635584	0.110801393728223	103.0	3.0	38.48376280978771	
5	57	complex	-1.0	-1.0	-1.0	-1.0	-1.0	-1.0	-1.0	-1.0	-1.0	-1.0	-1.0	-1.0	-1.0	-1.0	-1.0	-1.0	-1.0	-1.0	-1.0	-1.0	-1.0	
5	58	no	1075.0	120.81118307999986	41.012193308819754	32.01562118716424	-1.0	-1.0	-1.0	-1.0	-1.0	-1.0	-1.0	-1.0	-1.0	-1.0	1.2810057024682198	-1.0	-1.0	-1.0	100.0	3.0	-1.0	
5	59	no	1506.0	143.88225087999996	48.703182647543684	37.94733192202055	-1.0	-1.0	-1.0	-1.0	-1.0	-1.0	-1.0	-1.0	-1.0	-1.0	1.2834415538785637	-1.0	-1.0	-1.0	127.0	5.0	-1.0	
5	60	complex	-1.0	-1.0	-1.0	-1.0	-1.0	-1.0	-1.0	-1.0	-1.0	-1.0	-1.0	-1.0	-1.0	-1.0	-1.0	-1.0	-1.0	-1.0	-1.0	-1.0	-1.0	
5	61	large	1983.0	206.79393904000008	45.18849411078001	34.438350715445125	12.893744044882155	15.70134952603016	31.400636936215164	27.656187724087463	14.142135623730951	13.454752409086312	51.39618951630513	22.360679774997898	49.717675149007334	1.1353928187602818	1.3121561623017446	0.8652878760776538	0.7216923360438436	0.5480093676814989	168.0	4.0	45.5411901469428	
6	62	complex	-1.0	-1.0	-1.0	-1.0	-1.0	-1.0	-1.0	-1.0	-1.0	-1.0	-1.0	-1.0	-1.0	-1.0	-1.0	-1.0	-1.0	-1.0	-1.0	-1.0	-1.0	
6	63	no	1098.0	122.81118307999985	42.579337712087536	31.25699921617557	-1.0	-1.0	-1.0	-1.0	-1.0	-1.0	-1.0	-1.0	-1.0	-1.0	1.3622337006059313	-1.0	-1.0	-1.0	154.0	5.0	-1.0	
6	64	small	2017.0	192.65180344000007	52.80151512977634	40.0	38.07517773338491	49.516221602152335	18.027756377319946	19.86920893902093	13.038404810405298	28.370398014492455	30.2	23.769728648009426	37.30052355417857	0.9073212946045087	1.3200378782444084	0.687344893323217	0.34999746019798894	0.1713124274099884	110.0	4.0	49.24428900898052	
6	65	small	1596.0	174.16652207999994	46.52956049652737	35.510561809129406	12.625836878907307	17.625168406011113	19.235384061671343	17.003435267736723	11.704699910719626	11.60552548181283	39.481211464234285	22.090722034374522	38.328809569382024	1.1312645802915864	1.31030200948736	0.8633617075304495	0.40379129208528497	0.19640179910044978	160.0	4.0	45.39823785126467	
6	66	large	2180.0	216.5512983600001	46.09772228646444	35.05709628591621	0.2367580719071043	0.9040664277422081	37.12142238654117	30.44103615970033	13.038404810405298	0.7158705108015654	58.16226145401395	21.02379604162864	45.370627361327436	1.2194533126860094	1.3149327003726683	0.9273883844704761	0.8167594305748561	0.6951788491446346	132.0	4.0	44.553338819890925	
6	67	medium	2140.0	202.75230852	45.79301256742124	41.677331968349414	84.38241940987318	89.1363099554004	26.076809620810597	27.33880816265828	16.1245154965971	46.71018306233383	1.2236867762727808	21.02379604162864	46.71549060210542	0.9538385677115423	1.0987510573420909	0.8681116266853969	0.5603023631238742	0.3665389527458493	125.0	4.0	42.190046219457976	
6	68	large	2132.0	212.99494920000006	50.15974481593781	32.0624390837628	14.43972820298523	21.43232002763914	34.48187929913333	28.253067613199406	14.866068747318506	18.421146347347587	55.017648388869226	23.345235059857504	50.41338049430253	1.220464969369341	1.564439457799701	0.780129242639954	0.6984679362018602	0.5734317343173432	133.0	4.0	48.25971404805462	
6	69	no	1041.0	119.39696951999989	39.66106403010388	31.064449134018133	-1.0	-1.0	-1.0	-1.0	-1.0	-1.0	-1.0	-1.0	-1.0	-1.0	1.27673482504062	-1.0	-1.0	-1.0	90.0	3.0	-1.0	
6	70	small	1609.0	169.09545427999993	43.86342439892262	38.2099463490856	43.98520503988286	53.9726266148964	16.1245154965971	18.775049536787286	13.152946437965905	26.947280477924394	23.763446085595703	20.024984394500787	33.320240064646455	0.8588267884461871	1.1479582828561683	0.7481341450051565	0.3683574570532777	0.1676342525399129	98.0	4.0	40.792156108742276	
6	71	no	1155.0	126.22539663999984	42.15447781671598	32.31098884280702	-1.0	-1.0	-1.0	-1.0	-1.0	-1.0	-1.0	-1.0	-1.0	-1.0	1.3046483356420178	-1.0	-1.0	-1.0	86.0	3.0	-1.0	
6	72	no	1732.0	154.6101729199999	51.15662224971465	41.10960958218893	-1.0	-1.0	-1.0	-1.0	-1.0	-1.0	-1.0	-1.0	-1.0	-1.0	1.244395720845733	-1.0	-1.0	-1.0	98.0	3.0	-1.0	
6	73	no	1390.0	142.1248915599999	49.040799340956916	35.11409973215888	-1.0	-1.0	-1.0	-1.0	-1.0	-1.0	-1.0	-1.0	-1.0	-1.0	1.396612748583254	-1.0	-1.0	-1.0	87.0	3.0	-1.0	
6	74	large	2099.0	212.89444412000012	46.238512086787566	33.61547262794322	1.979196138339205	2.872647589161943	36.24913792078372	27.730433083497235	13.892443989449804	2.5519852321052072	57.50328193788872	20.615528128088304	50.92140803157704	1.307196963409709	1.3755127764692294	0.9503342940696787	0.7867536052739226	0.6385636221701796	112.0	4.0	44.77722635447622	
6	75	small	1671.0	171.9238814	51.31276644267	34.66987164671943	43.78112476486871	57.845818391593596	14.317821063276353	18.41470505136079	14.317821063276353	26.660032090228846	22.815198396468446	20.396078054371138	31.489998737238025	0.7775210639183335	1.4800391234654418	0.5253381830189763	0.3226938384427717	0.14687714481811942	106.0	4.0	44.28317965096906	
7	76	medium	1888.0	193.48023056000002	49.47726750741192	35.17101079013795	54.71325102494029	69.1209831194426	25.179356624028344	22.773234145413692	15.132745950421556	39.29077125588594	20.187079758284515	19.313207915827967	42.05212137208857	1.105655721240596	1.4067627399916949	0.7859574964624976	0.5371798213313692	0.3361641896673744	111.0	3.0	41.23105625617661	
7	77	no	1155.0	127.63961019999985	45.0111097397076	31.016124838541646	-1.0	-1.0	-1.0	-1.0	-1.0	-1.0	-1.0	-1.0	-1.0	-1.0	1.4512164228774103	-1.0	-1.0	-1.0	123.0	4.0	-1.0	
7	78	no	1010.0	118.46803731999985	38.2099463490856	32.2490309931942	-1.0	-1.0	-1.0	-1.0	-1.0	-1.0	-1.0	-1.0	-1.0	-1.0	1.1848401385191818	-1.0	-1.0	-1.0	119.0	3.0	-1.0	
7	79	medium	1556.0	175.58073564000003	45.0	33.015148038438355	15.041329473180657	16.015439606265673	22.47220505424423	20.104186240515876	13.0	11.6	41.22350135808679	20.615528128088304	42.0447707466505	1.1177873496295063	1.3630106988346111	0.82008699607804	0.5082722556681459	0.30209205020920504	138.0	3.0	43.41658669218482	
7	80	large	2231.0	218.20815260000006	45.0111097397076	36.013886210738214	5.440332031005506	10.48405656087338	37.48332962798263	31.362413339403922	14.142135623730951	8.77561122763302	57.25569264960848	21.095023109728988	48.22773681776265	1.1951672603233103	1.2498265107053816	0.9562665298632348	0.8492603673593015	0.741608118657299	144.0	4.0	43.04648650006177	
7	81	no	1106.0	123.15432883999986	41.400483088968905	32.202484376209235	-1.0	-1.0	-1.0	-1.0	-1.0	-1.0	-1.0	-1.0	-1.0	-1.0	1.285630096277759	-1.0	-1.0	-1.0	133.0	5.0	-1.0	
7	82	small	1617.0	160.61017291999997	48.33218389437829	38.48376280978771	59.547039262088944	65.55604521958347	11.0	-1.0	14.035668847618199	26.483388435275774	14.49962163933933	19.1049731745428	29.09090909090909	-1.0	1.2559110743216044	-1.0	0.22027487675985033	0.072992700729927	143.0	5.0	40.70626487409524	
7	83	no	1581.0	150.36753223999992	52.15361924162119	36.89173349139343	-1.0	-1.0	-1.0	-1.0	-1.0	-1.0	-1.0	-1.0	-1.0	-1.0	1.4136939174676693	-1.0	-1.0	-1.0	138.0	4.0	-1.0	
7	84	large	2461.0	229.8650068400001	48.46648326421054	36.40054944640259	65.44954761079258	78.91171353643922	37.656340767525464	32.34416870513698	16.278820596099706	53.480257394990936	13.571223718130476	18.027756377319946	54.49761879923283	1.1642389424448183	1.3314766947563315	0.8743967859368964	0.8060246220293238	0.6764305177111717	115.0	4.0	39.0	
7	85	no	1286.0	132.46803731999987	43.86342439892262	35.38361202590826	-1.0	-1.0	-1.0	-1.0	-1.0	-1.0	-1.0	-1.0	-1.0	-1.0	1.2396536669802207	-1.0	-1.0	-1.0	120.0	3.0	-1.0	
7	86	complex	-1.0	-1.0	-1.0	-1.0	-1.0	-1.0	-1.0	-1.0	-1.0	-1.0	-1.0	-1.0	-1.0	-1.0	-1.0	-1.0	-1.0	-1.0	-1.0	-1.0	-1.0	
7	87	small	1433.0	154.36753223999992	45.17742799230607	35.12833614050059	2.570737110690528	5.225238608751463	11.180339887498949	14.736776873075673	12.165525060596439	2.1028200192401156	32.765571229915864	22.20360331117452	23.08983237635652	0.7586692791641304	1.2860679712131187	0.5899138273760872	0.27546162904516414	0.10913312693498452	91.0	4.0	44.40720662234904	
7	88	medium	1745.0	184.50966784	42.190046219457976	34.058772731852805	18.522156943572668	24.816105132523774	27.784887978899608	24.343385348968734	15.264337522473747	17.91891850669114	43.21940815628217	19.697715603592208	42.69385226026036	1.1413732141440496	1.2387424101162798	0.9213967365797299	0.6505231449831839	0.4750633981403212	133.0	4.0	41.23105625617661	
7	89	large	1790.0	193.23758988000006	43.93176527297759	31.78049716414141	0.525634606457615	2.6488057594586323	32.01562118716424	25.189990784817667	13.601470508735444	0.9105029072119708	51.792770625917576	20.396078054371138	19.701920730562623	1.2709659745671869	1.3823498432411785	0.9194242548522802	0.7471494557348692	0.5911111111111111	103.0	3.0	41.773197148410844	
7	90	complex	-1.0	-1.0	-1.0	-1.0	-1.0	-1.0	-1.0	-1.0	-1.0	-1.0	-1.0	-1.0	-1.0	-1.0	-1.0	-1.0	-1.0	-1.0	-1.0	-1.0	-1.0	
7	91	large	2645.0	235.27922040000016	49.39635614091387	37.73592452822641	38.95047369599848	58.24051991518721	38.0	36.23168689221715	18.0	45.63089620558192	36.675926648220056	21.18962010041709	53.666666666666664	1.0488057073644754	1.3090008197351963	0.8012261654478131	0.837769401249672	0.7401315789473685	126.0	4.0	44.41846462902562	
7	92	large	2086.0	210.40916276000002	48.83646178829912	35.510561809129406	25.804532399947135	36.38898290049386	32.202484376209235	27.525576780687032	13.892443989449804	27.213273675744038	45.16965990629942	20.615528128088304	45.870419867076166	1.1699113385628923	1.375265816711009	0.8506801553177347	0.6832354348464018	0.5148874364560639	87.0	3.0	44.721359549995796	
7	93	no	1109.0	123.63961019999986	39.45883931389772	33.37663853655727	-1.0	-1.0	-1.0	-1.0	-1.0	-1.0	-1.0	-1.0	-1.0	-1.0	1.1822292790413462	-1.0	-1.0	-1.0	67.0	4.0	-1.0	
7	94	no	1414.0	140.95331867999988	49.03060268852505	35.6931365951495	-1.0	-1.0	-1.0	-1.0	-1.0	-1.0	-1.0	-1.0	-1.0	-1.0	1.3736703289670553	-1.0	-1.0	-1.0	82.0	3.0	-1.0	
8	95	no	1393.0	139.8822508799999	48.507731342539614	34.92849839314596	-1.0	-1.0	-1.0	-1.0	-1.0	-1.0	-1.0	-1.0	-1.0	-1.0	1.3887723084041401	-1.0	-1.0	-1.0	137.0	4.0	-1.0	
8	96	medium	1562.0	175.58073563999994	40.24922359499622	34.438350715445125	20.556045219583467	24.075498255078827	23.021728866442675	21.83924081965747	12.041594578792296	16.099689437998485	38.881072182108795	19.1049731745428	39.465820913901744	1.054145107723747	1.1687326123008845	0.9019557567136344	0.5487406296032199	0.3488773747841105	136.0	4.0	39.05124837953327	
8	97	no	944.0	112.3259017199999	38.600518131237564	30.0	-1.0	-1.0	-1.0	-1.0	-1.0	-1.0	-1.0	-1.0	-1.0	-1.0	1.286683937707919	-1.0	-1.0	-1.0	98.0	3.0	-1.0	
8	98	medium	1698.0	189.82337632000005	44.01136216933077	33.015148038438355	2.862405226111747	5.116027506869216	30.066592756745816	22.54100561687246	14.035668847618199	4.635166692072008	49.37127642445369	20.024984394500787	51.979533240475966	1.3338620852940244	1.3330657223796156	1.0005973920873061	0.7013327096042977	0.4829694323144105	150.0	3.0	42.04759208325728	
8	99	complex	-1.0	-1.0	-1.0	-1.0	-1.0	-1.0	-1.0	-1.0	-1.0	-1.0	-1.0	-1.0	-1.0	-1.0	-1.0	-1.0	-1.0	-1.0	-1.0	-1.0	-1.0	
8	100	no	1125.0	123.98275595999988	41.182520563948	33.12099032335839	-1.0	-1.0	-1.0	-1.0	-1.0	-1.0	-1.0	-1.0	-1.0	-1.0	1.2433964130264628	-1.0	-1.0	-1.0	78.0	4.0	-1.0	
8	101	no	1782.0	156.3675322399999	52.630789467763066	42.44997055358225	-1.0	-1.0	-1.0	-1.0	-1.0	-1.0	-1.0	-1.0	-1.0	-1.0	1.2398310006206044	-1.0	-1.0	-1.0	111.0	4.0	-1.0	
8	102	no	1340.0	136.46803731999987	47.4236228055175	33.97057550292606	-1.0	-1.0	-1.0	-1.0	-1.0	-1.0	-1.0	-1.0	-1.0	-1.0	1.396020588507035	-1.0	-1.0	-1.0	102.0	3.0	-1.0	
8	103	small	1447.0	144.46803731999995	46.22769732530488	37.64306044943742	25.559965171823805	41.684303451621055	6.082762530298219	-1.0	13.341664064126334	12.806175393813987	23.324352205085432	20.12461179749811	19.256659988965488	-1.0	1.2280536378650306	-1.0	0.14800138531113882	0.03357142857142857	94.0	4.0	43.41658669218482	
8	104	large	1741.0	188.40916276000002	41.78516483155236	32.89376840679705	10.944996138289568	13.184197723443598	29.274562336608895	24.73307531087456	14.142135623730951	10.410393299957203	48.21581949462119	19.4164878389476	45.643134825895594	1.1836199893725932	1.2703064092503922	0.9317594406778184	0.7131569153313055	0.5298769771528998	127.0	3.0	41.7612260356422	
8	105	no	1064.0	122.22539663999986	42.485291572496	30.4138126514911	-1.0	-1.0	-1.0	-1.0	-1.0	-1.0	-1.0	-1.0	-1.0	-1.0	1.3969077819782347	-1.0	-1.0	-1.0	113.0	3.0	-1.0	
8	106	small	1523.0	151.53910511999993	48.83646178829912	36.796738985948195	12.528807709151522	20.924501744921145	6.708203932499369	-1.0	13.0	7.248682378640624	28.0187872189901	22.20360331117452	20.296617026536577	-1.0	1.3271953747572198	-1.0	0.16299029262258027	0.05106970324361629	111.0	4.0	47.634021455258214	
8	107	no	1041.0	119.39696951999987	40.36087214122113	31.240998703626616	-1.0	-1.0	-1.0	-1.0	-1.0	-1.0	-1.0	-1.0	-1.0	-1.0	1.291920035083124	-1.0	-1.0	-1.0	99.0	3.0	-1.0	
9	108	no	1193.0	127.39696951999987	41.048751503547585	35.22782990761707	-1.0	-1.0	-1.0	-1.0	-1.0	-1.0	-1.0	-1.0	-1.0	-1.0	1.1652364511579494	-1.0	-1.0	-1.0	113.0	3.0	-1.0	
9	109	no	1091.0	121.98275595999988	42.190046219457976	31.25699921617557	-1.0	-1.0	-1.0	-1.0	-1.0	-1.0	-1.0	-1.0	-1.0	-1.0	1.349779162345966	-1.0	-1.0	-1.0	147.0	4.0	-1.0	
9	110	medium	1910.0	197.48023056000005	44.64302857109943	36.138621999185304	24.476161510870988	21.708314505551755	28.160255680657446	26.795842735762456	14.560219778561036	18.81592774697618	45.6021815119888	20.223748416156685	50.87013929409087	1.0509188294001297	1.2353273617379723	0.8507209197743344	0.6663798645604818	0.4806201550387597	128.0	3.0	42.2965719651132	
9	111	no	1159.0	125.05382375999984	41.773197148410844	33.97057550292606	-1.0	-1.0	-1.0	-1.0	-1.0	-1.0	-1.0	-1.0	-1.0	-1.0	1.2296876496782547	-1.0	-1.0	-1.0	119.0	4.0	-1.0	
9	112	complex	-1.0	-1.0	-1.0	-1.0	-1.0	-1.0	-1.0	-1.0	-1.0	-1.0	-1.0	-1.0	-1.0	-1.0	-1.0	-1.0	-1.0	-1.0	-1.0	-1.0	-1.0	
9	113	no	1248.0	130.46803731999987	42.7551166528639	35.510561809129406	-1.0	-1.0	-1.0	-1.0	-1.0	-1.0	-1.0	-1.0	-1.0	-1.0	1.204011270862856	-1.0	-1.0	-1.0	90.0	3.0	-1.0	
9	114	small	1638.0	158.02438647999992	47.80167361086848	40.0	25.485897126956303	24.820541335489082	9.219544457292887	-1.0	13.152946437965905	12.844738554517834	29.0	22.561028345356956	30.598920523123418	-1.0	1.195041840271712	-1.0	0.19270724168505515	0.05813953488372093	144.0	3.0	46.486557196677836	
9	115	small	1475.0	167.68124071999995	45.18849411078001	31.78049716414141	10.835247564203073	15.891069956855477	19.235384061671343	18.250166438059047	12.165525060596439	9.316530862212726	40.43360282764525	21.587033144922902	34.02561634438502	1.053984034992564	1.4218938702370938	0.7412536596819405	0.41838890953084956	0.24577702702702703	144.0	3.0	45.880278987817846	
9	116	small	2020.0	192.30865768	52.40229002629561	39.6232255123179	36.85042915202547	50.03604429523887	21.213203435596427	20.91045170852263	16.1245154965971	30.17043719285264	30.815260095885446	23.08679276123039	39.36393736112435	1.0144784881404738	1.3225144936775783	0.7670830777207331	0.41197649986219487	0.22054380664652568	145.0	4.0	47.80167361086848	
9	117	medium	1628.0	180.75230851999999	43.41658669218482	33.421549934136806	0.5354589855645386	4.763641690726182	25.238858928247925	20.556628447962378	13.601470508735444	2.2572018545539057	44.73161786171399	20.0	27.1803096150362	1.2277722970057214	1.299059641989825	0.9451238860173428	0.5760607374744785	0.3680672268907563	152.0	4.0	42.80186911806539	
9	118	no	1528.0	146.02438647999986	48.041648597857254	38.05259518088089	-1.0	-1.0	-1.0	-1.0	-1.0	-1.0	-1.0	-1.0	-1.0	-1.0	1.2625064957986165	-1.0	-1.0	-1.0	93.0	3.0	-1.0	
9	119	medium	1485.0	168.26702716	43.56604182158393	34.132096331752024	7.467076640260338	5.3009265165256885	20.12461179749811	20.140750904731892	13.0	4.407102228526931	39.815896064249785	19.697715603592208	47.70278351999552	0.9991986839363575	1.2763951384098198	0.7828286506803811	0.4657222158466037	0.25528317836010145	165.0	3.0	42.485291572496	
9	120	small	1333.0	144.3675322399999	41.773197148410844	35.6931365951495	0.525634606457615	11.04094018032373	10.0	-1.0	12.165525060596439	1.9151035941964858	30.594117081556707	20.396078054371138	10.000000000000002	-1.0	1.1703425681588207	-1.0	0.239121152418351	0.08816326530612245	81.0	3.0	41.97618372363071	
9	121	no	1486.0	141.88225087999993	48.16637831516918	37.53664875824692	-1.0	-1.0	-1.0	-1.0	-1.0	-1.0	-1.0	-1.0	-1.0	-1.0	1.283182700335945	-1.0	-1.0	-1.0	78.0	4.0	-1.0	
9	122	complex	-1.0	-1.0	-1.0	-1.0	-1.0	-1.0	-1.0	-1.0	-1.0	-1.0	-1.0	-1.0	-1.0	-1.0	-1.0	-1.0	-1.0	-1.0	-1.0	-1.0	-1.0	
10	123	large	1839.0	199.82337632000008	40.70626487409524	33.12099032335839	8.829744667909068	7.268051164669796	34.17601498127012	25.93378703811258	12.649110640673518	7.443571669795328	53.59139272922619	20.248456731316587	58.837116700709345	1.317818139365634	1.2290171422014329	1.072253668492483	0.7951042669981785	0.6612466124661247	125.0	3.0	41.23105625617661	
10	124	no	1265.0	131.29646443999985	44.01136216933077	34.539832078341085	-1.0	-1.0	-1.0	-1.0	-1.0	-1.0	-1.0	-1.0	-1.0	-1.0	1.2742205019846928	-1.0	-1.0	-1.0	110.0	3.0	-1.0	
10	125	complex	-1.0	-1.0	-1.0	-1.0	-1.0	-1.0	-1.0	-1.0	-1.0	-1.0	-1.0	-1.0	-1.0	-1.0	-1.0	-1.0	-1.0	-1.0	-1.0	-1.0	-1.0	
10	126	small	1592.0	157.53910511999993	46.010868281309364	38.01315561749642	36.17025533209094	50.094827479141564	12.806248474865697	19.78948686028812	17.69180601295413	20.99503956530224	23.070960191380184	19.209372712298546	27.36910625380589	0.6471238271753372	1.2103932844799608	0.5346393073003298	0.31449752640008893	0.13068181818181818	147.0	7.0	42.04759208325728	
10	127	no	1087.0	125.05382375999986	39.11521443121589	33.13608305156178	-1.0	-1.0	-1.0	-1.0	-1.0	-1.0	-1.0	-1.0	-1.0	-1.0	1.180441706714406	-1.0	-1.0	-1.0	66.0	4.0	-1.0	
10	128	small	1308.0	143.2964644399999	42.5205832509386	34.058772731852805	10.720380246249771	9.180541957626161	9.433981132056603	-1.0	11.661903789690601	5.173964776109785	28.773790756220468	19.72308292331602	32.42931014144454	-1.0	1.2484473115254693	-1.0	0.22866327933302238	0.08367854183927093	159.0	3.0	41.88078318274385	
10	129	medium	2004.0	193.92388140000003	54.0	36.0	53.13010235415598	72.34987578006988	23.08679276123039	21.89510302493359	15.811388300841896	38.0	19.0	20.0	39.87718749667067	1.0544272267154777	1.5	0.7029514844769852	0.44522504099784316	0.2564263322884012	142.0	3.0	43.41658669218482	
10	130	small	1459.0	155.43860003999993	43.73785545725808	37.656340767525464	1.005086005254185	9.443922793271753	11.704699910719626	15.757635914957211	13.341664064126334	2.2863489522874056	31.548471672651793	20.396078054371138	13.9341665603805	0.7427954278096677	1.1615004157540785	0.6395136994655523	0.27558233151114064	0.0937031484257871	153.0	6.0	42.7551166528639	
10	131	medium	1784.0	183.58073564000003	47.634021455258214	36.235341863986875	19.85521436932106	28.251215031184273	21.37755832643195	21.560297980179605	13.152946437965905	18.222269996987276	39.82299947428261	22.135943621178654	38.497345699881606	0.9915242519414319	1.3145735352534405	0.7542554488975568	0.4639603288706435	0.2697508896797153	120.0	3.0	45.69463863518345	
10	132	complex	-1.0	-1.0	-1.0	-1.0	-1.0	-1.0	-1.0	-1.0	-1.0	-1.0	-1.0	-1.0	-1.0	-1.0	-1.0	-1.0	-1.0	-1.0	-1.0	-1.0	-1.0	
10	133	small	1876.0	167.92388139999994	54.12947441089743	40.718546143004666	23.749494492866745	41.090181531601786	7.280109889280518	-1.0	13.341664064126334	14.74243023204647	27.997070327518284	25.0	22.4306088480535	-1.0	1.329356756029383	-1.0	0.14823653977360468	0.03532008830022075	143.0	8.0	51.419840528729765	
10	134	no	1127.0	123.39696951999987	40.44749683231337	34.36568055487916	-1.0	-1.0	-1.0	-1.0	-1.0	-1.0	-1.0	-1.0	-1.0	-1.0	1.1769735439320645	-1.0	-1.0	-1.0	108.0	4.0	-1.0	
10	135	complex	-1.0	-1.0	-1.0	-1.0	-1.0	-1.0	-1.0	-1.0	-1.0	-1.0	-1.0	-1.0	-1.0	-1.0	-1.0	-1.0	-1.0	-1.0	-1.0	-1.0	-1.0	
10	136	small	1829.0	184.9949492	49.24428900898052	36.24913792078372	34.12647960474493	52.64501327167072	21.587033144922902	21.35853077055514	15.297058540778355	29.34350417236159	30.45589670056714	21.095023109728988	36.91510401705751	1.010698412583827	1.3584954521289716	0.743983655594803	0.4389777480593201	0.247612551159618	120.0	3.0	44.04543109109048	
10	137	large	2043.0	205.48023056000005	45.18849411078001	35.34119409414458	7.937776688148745	12.887564127548501	33.734255586866	26.828630868673706	14.317821063276353	9.82550998295119	53.05423452883995	19.924858845171276	44.05296906049564	1.2573975821574854	1.278635181097827	0.9833904156132267	0.7384124674169859	0.566717791411043	105.0	3.0	42.720018726587654	
10	138	medium	1677.0	184.16652207999996	46.09772228646444	33.06055050963308	0.2367580719071043	0.6673083558350754	26.076809620810597	21.300248717777965	13.038404810405298	0.4338609156373123	47.12565205307258	21.02379604162864	37.252585172587125	1.2242490670564772	1.3943422470546165	0.8780118867104248	0.5605337971020261	0.3757178014766202	133.0	3.0	44.28317965096906	
10	139	no	1355.0	139.78174579999984	47.80167361086848	34.48187929913333	-1.0	-1.0	-1.0	-1.0	-1.0	-1.0	-1.0	-1.0	-1.0	-1.0	1.3862838854049908	-1.0	-1.0	-1.0	99.0	4.0	-1.0	
10	140	no	1297.0	136.7106779999999	47.75981574503821	33.83784863137726	-1.0	-1.0	-1.0	-1.0	-1.0	-1.0	-1.0	-1.0	-1.0	-1.0	1.4114318042297567	-1.0	-1.0	-1.0	102.0	3.0	-1.0	
10	141	no	1025.0	118.81118307999986	40.496913462633174	31.064449134018133	-1.0	-1.0	-1.0	-1.0	-1.0	-1.0	-1.0	-1.0	-1.0	-1.0	1.303641770305391	-1.0	-1.0	-1.0	91.0	3.0	-1.0	
10	142	no	1145.0	125.39696951999987	40.496913462633174	34.132096331752024	-1.0	-1.0	-1.0	-1.0	-1.0	-1.0	-1.0	-1.0	-1.0	-1.0	1.186476009824224	-1.0	-1.0	-1.0	94.0	4.0	-1.0	
11	143	no	1262.0	137.53910511999985	46.87216658103186	33.54101966249684	-1.0	-1.0	-1.0	-1.0	-1.0	-1.0	-1.0	-1.0	-1.0	-1.0	1.3974580097050822	-1.0	-1.0	-1.0	165.0	4.0	-1.0	
11	144	no	1759.0	158.85281359999993	55.02726596879042	39.84971769034255	-1.0	-1.0	-1.0	-1.0	-1.0	-1.0	-1.0	-1.0	-1.0	-1.0	1.380869656251695	-1.0	-1.0	-1.0	168.0	4.0	-1.0	
11	145	complex	-1.0	-1.0	-1.0	-1.0	-1.0	-1.0	-1.0	-1.0	-1.0	-1.0	-1.0	-1.0	-1.0	-1.0	-1.0	-1.0	-1.0	-1.0	-1.0	-1.0	-1.0	
11	146	no	1438.0	142.95331867999985	50.15974481593781	35.12833614050059	-1.0	-1.0	-1.0	-1.0	-1.0	-1.0	-1.0	-1.0	-1.0	-1.0	1.427899818975685	-1.0	-1.0	-1.0	142.0	4.0	-1.0	
11	147	small	1678.0	178.75230852	46.09772228646444	36.24913792078372	7.028396238949597	0.3786009621143194	19.697715603592208	18.432768503414497	13.601470508735444	1.9523741203679055	42.37342149644124	22.135943621178654	295.4657340538893	1.068624911116493	1.2716915471811527	0.8403176961309684	0.4181254238511033	0.21506154960173787	153.0	3.0	46.238512086787566	
11	148	no	1390.0	138.1248915599999	48.05205510693585	34.713109915419565	-1.0	-1.0	-1.0	-1.0	-1.0	-1.0	-1.0	-1.0	-1.0	-1.0	1.3842624652189728	-1.0	-1.0	-1.0	142.0	3.0	-1.0	
11	149	medium	2452.0	224.06601700000007	54.08326913195984	38.27531841800928	41.241444314527996	55.4914770123316	32.31098884280702	29.094614642395836	18.35755975068582	41.047814520666954	34.82662078580639	21.213203435596427	49.81277446599416	1.1105487816196877	1.4130063802816755	0.7859474642982898	0.6291479159821011	0.4491725768321513	93.0	4.0	47.07440918375928	
11	150	small	1787.0	166.1665220799999	51.088159097779204	40.45985664828782	47.409539531788596	61.07357416474639	10.198039027185569	-1.0	14.142135623730951	25.778967636695484	20.11870697110952	23.021728866442675	29.45354692720043	-1.0	1.2626875953091434	-1.0	0.210330331685327	0.06750298685782556	97.0	3.0	46.486557196677836	
11	151	no	1712.0	152.4680373199999	50.20956084253277	41.72529209005013	-1.0	-1.0	-1.0	-1.0	-1.0	-1.0	-1.0	-1.0	-1.0	-1.0	1.2033363537437238	-1.0	-1.0	-1.0	101.0	4.0	-1.0	
11	152	no	1606.0	150.02438647999992	49.658836071740545	40.718546143004666	-1.0	-1.0	-1.0	-1.0	-1.0	-1.0	-1.0	-1.0	-1.0	-1.0	1.2195630928800192	-1.0	-1.0	-1.0	78.0	4.0	-1.0	
11	153	no	1301.0	135.53910511999987	47.095647357266465	34.058772731852805	-1.0	-1.0	-1.0	-1.0	-1.0	-1.0	-1.0	-1.0	-1.0	-1.0	1.3827758189660537	-1.0	-1.0	-1.0	138.0	3.0	-1.0	
11	154	small	1968.0	175.7817458	54.147945482723536	40.19950248448356	39.027900612012786	54.79984866886764	11.661903789690601	-1.0	16.1245154965971	24.229912849022263	25.472952069375722	23.345235059857504	29.65197242650013	-1.0	1.3469804882193226	-1.0	0.2305275816855374	0.07894736842105263	95.0	8.0	50.11985634456667	
11	155	no	1479.0	143.78174579999984	50.24937810560445	36.22154055254967	-1.0	-1.0	-1.0	-1.0	-1.0	-1.0	-1.0	-1.0	-1.0	-1.0	1.38727887712847	-1.0	-1.0	-1.0	125.0	3.0	-1.0	
12	156	small	1438.0	155.9238813999999	44.9221548904324	36.138621999185304	43.667780146130355	59.142346642032706	12.36931687685298	12.433524997819509	11.704699910719626	24.90975784063125	18.484379399277017	19.235384061671343	29.017328270856364	0.9948358875718842	1.243051129382994	0.8003177536757359	0.2673668134015049	0.09520182787509521	138.0	4.0	40.45985664828782	
12	157	no	1751.0	154.36753223999995	51.62363799656123	41.72529209005013	-1.0	-1.0	-1.0	-1.0	-1.0	-1.0	-1.0	-1.0	-1.0	-1.0	1.2372265216298262	-1.0	-1.0	-1.0	92.0	3.0	-1.0	
12	158	small	1561.0	160.36753223999995	48.373546489791295	35.35533905932738	6.267481404849292	5.86960044301469	13.341664064126334	16.502557248701464	14.317821063276353	3.721042037676254	35.21391770309007	21.587033144922902	36.38635653852647	0.8084604018068866	1.3682105101189654	0.5908888989140941	0.2895204513813568	0.1254506128334535	155.0	4.0	45.70557952810576	
12	159	small	1707.0	177.92388139999997	48.33218389437829	37.16180835212409	24.443954780416536	40.833495114451324	17.72004514666935	17.721172459685523	13.341664064126334	20.6901472150592	33.206134327676416	22.0	31.642937761909547	0.9999363860930344	1.300587512760684	0.7688343739134674	0.3750407695933254	0.1756198347107438	99.0	3.0	45.89117562233506	
12	160	large	2033.0	203.82337632000002	41.340053217188775	34.66987164671943	16.686002778367786	16.897176438224562	34.20526275297414	32.82524111671727	15.524174696260024	15.553922889790744	50.476102647054084	19.6468827043885	53.51334294443399	1.0420414775126832	1.1923912969288566	0.8739089929594278	0.8727534171981238	0.7465635738831615	116.0	5.0	39.92492955535426	
12	161	small	1568.0	170.26702716	44.10215414239989	35.510561809129406	5.931526924919751	0.9640206953786219	18.867962264113206	19.04104421843096	13.038404810405298	1.99536738536308	39.84729973030778	21.470910553583888	118.59861994585613	0.9909100597460816	1.2419447030844122	0.7978697097263047	0.417712077264324	0.22404371584699453	134.0	3.0	43.41658669218482	
12	162	no	1058.0	119.39696951999987	38.58756276314948	32.7566787083184	-1.0	-1.0	-1.0	-1.0	-1.0	-1.0	-1.0	-1.0	-1.0	-1.0	1.178005960456252	-1.0	-1.0	-1.0	123.0	3.0	-1.0	
12	163	no	1416.0	142.71067799999992	47.53945729601885	36.138621999185304	-1.0	-1.0	-1.0	-1.0	-1.0	-1.0	-1.0	-1.0	-1.0	-1.0	1.3154750974481142	-1.0	-1.0	-1.0	124.0	5.0	-1.0	
12	164	medium	1593.0	174.50966783999996	44.40720662234904	34.23448553724738	10.627571244537082	10.254718940424489	23.021728866442675	20.811537647260433	14.035668847618199	7.791528139621078	42.47179349074888	20.024984394500787	43.76658344939102	1.1062002845077228	1.297148355684611	0.8527939611995196	0.5311396296087615	0.3219917012448133	162.0	3.0	42.1070065428546	
12	165	small	1378.0	145.1959593599999	43.68065933568311	36.40054944640259	4.635463426902646	1.9091524329963931	8.246211251235321	-1.0	13.152946437965905	1.9230478952816463	28.433636737378627	20.396078054371138	57.723478758646735	-1.0	1.2	-1.0	0.19930415748622257	0.065738592420727	134.0	4.0	42.720018726587654	
12	166	small	1516.0	164.02438647999995	44.181444068749045	34.23448553724738	7.920739901641072	11.90426571549174	17.11724276862369	17.536110084356363	13.038404810405298	6.428037969018815	37.389199221567104	21.02379604162864	31.162159912109793	0.9761140119605923	1.290553761080455	0.7563528474345673	0.3835162752295621	0.19558359621451105	126.0	4.0	43.04648650006177	
12	167	no	1089.0	121.88225087999984	40.19950248448356	33.24154027718932	-1.0	-1.0	-1.0	-1.0	-1.0	-1.0	-1.0	-1.0	-1.0	-1.0	1.2093152768877218	-1.0	-1.0	-1.0	107.0	3.0	-1.0	
12	168	small	1628.0	172.50966783999996	47.38143096192854	35.35533905932738	42.13759477388825	54.152882405174616	17.26267650163207	17.230459867709307	13.152946437965905	27.56354068431121	24.74873734152916	20.024984394500787	34.004608614074634	1.0018697489312596	1.3401492454200763	0.7475807283070317	0.37699894134420747	0.17630057803468208	108.0	3.0	42.720018726587654	
12	169	medium	1713.0	184.16652208	47.853944456021594	34.713109915419565	23.04907159545499	43.115949768908195	22.47220505424423	23.68112970511343	14.422205101855956	22.652260170448653	35.46210647790994	21.37755832643195	33.14268065142959	0.9489498741857675	1.3785553807371453	0.6883654348934042	0.5113679754151903	0.30068337129840544	94.0	4.0	44.40720662234904	
12	170	no	1187.0	128.12489155999984	41.97618372363071	34.92849839314596	-1.0	-1.0	-1.0	-1.0	-1.0	-1.0	-1.0	-1.0	-1.0	-1.0	1.2017746440501926	-1.0	-1.0	-1.0	98.0	3.0	-1.0	
12	171	no	1006.0	117.63961019999986	39.293765408777	31.04834939252005	-1.0	-1.0	-1.0	-1.0	-1.0	-1.0	-1.0	-1.0	-1.0	-1.0	1.2655669682151727	-1.0	-1.0	-1.0	98.0	3.0	-1.0	
13	172	medium	2002.0	206.55129836000006	46.52956049652737	35.35533905932738	27.13643166806861	46.360482826532035	30.083217912982647	26.59854151259336	15.524174696260024	30.840609382224837	40.33337079888067	20.808652046684813	42.61541728048381	1.1310100555227598	1.3160547101089681	0.8593944057455736	0.6368853740014151	0.47858197932053176	89.0	4.0	43.93176527297759	
13	173	no	1052.0	121.05382375999989	41.43669871020132	30.4138126514911	-1.0	-1.0	-1.0	-1.0	-1.0	-1.0	-1.0	-1.0	-1.0	-1.0	1.3624302610468602	-1.0	-1.0	-1.0	93.0	4.0	-1.0	
13	174	small	1617.0	171.58073563999997	46.06517122512408	36.6742416417845	75.96375653207352	77.81011377397888	15.524174696260024	16.833392022720194	12.36931687685298	33.23552174630772	7.416649610829281	18.439088914585774	34.00216231755951	0.9222249844420479	1.2560633611750025	0.7342185218899621	0.3423864321215423	0.14680851063829786	113.0	3.0	38.118237105091836	
13	175	medium	1708.0	184.16652208000005	44.82186966202994	36.235341863986875	23.962488974578186	33.690067525979785	23.08679276123039	21.224255099371785	11.704699910719626	20.92728409307321	38.13956013406692	20.12461179749811	37.72719792688869	1.0877551486795753	1.236965552312808	0.8793738408040163	0.5061682672160341	0.2968868640850418	86.0	4.0	43.266615305567875	
13	176	large	2141.0	212.89444412000012	45.0	36.40054944640259	10.116443050038171	14.760449302092347	34.539832078341085	28.66726383557457	15.231546211727817	12.6	54.22995064694243	21.470910553583888	49.45475956671565	1.204852764339475	1.236245075538201	0.9746067249771981	0.7593915309953675	0.6073573573573574	130.0	3.0	44.41846462902562	
13	177	complex	-1.0	-1.0	-1.0	-1.0	-1.0	-1.0	-1.0	-1.0	-1.0	-1.0	-1.0	-1.0	-1.0	-1.0	-1.0	-1.0	-1.0	-1.0	-1.0	-1.0	-1.0	
13	178	small	1447.0	152.95331867999997	46.52956049652737	35.35533905932738	23.26016575003183	35.21759296819272	11.180339887498949	14.412133981537238	13.416407864998739	14.163039430582694	28.963093757400987	20.615528128088304	24.559479952872685	0.775758808641496	1.3160547101089681	0.5894578718366988	0.240056532837905	0.0904295403165034	70.0	5.0	43.93176527297759	
13	179	medium	1816.0	192.65180344000004	45.39823785126467	35.35533905932738	7.765166018425333	16.021612390072107	27.294688127912362	24.400865866200586	14.142135623730951	10.37485202714491	47.51757569573599	22.0	37.590052948089856	1.1185950645186005	1.2840560735419617	0.8711419131666495	0.6171218993039477	0.4310480693459417	106.0	4.0	44.40720662234904	
13	180	no	1255.0	132.46803731999987	43.93176527297759	34.713109915419565	-1.0	-1.0	-1.0	-1.0	-1.0	-1.0	-1.0	-1.0	-1.0	-1.0	1.265566968215173	-1.0	-1.0	-1.0	123.0	3.0	-1.0	
13	181	small	1254.0	146.36753223999992	44.0	34.0	8.130102354155978	12.528807709151511	9.219544457292887	-1.0	9.219544457292887	5.0	30.0	21.213203435596427	23.04886114323222	-1.0	1.2941176470588236	-1.0	0.20668674863335548	0.030402629416598194	109.0	7.0	43.104524124504614	
13	182	no	1062.0	121.05382375999987	40.311288741492746	31.38470965295043	-1.0	-1.0	-1.0	-1.0	-1.0	-1.0	-1.0	-1.0	-1.0	-1.0	1.284424459784771	-1.0	-1.0	-1.0	103.0	4.0	-1.0	
13	183	no	1216.0	128.22539663999987	41.86884283091664	35.4682957019364	-1.0	-1.0	-1.0	-1.0	-1.0	-1.0	-1.0	-1.0	-1.0	-1.0	1.180458265679532	-1.0	-1.0	-1.0	97.0	3.0	-1.0	
13	184	small	1510.0	146.46803731999995	49.24428900898052	36.71511950137164	44.48844413341297	55.73266455665578	4.47213595499958	-1.0	13.416407864998739	17.56548865681161	16.61440867643672	19.6468827043885	21.254931874036465	-1.0	1.3412536763537106	-1.0	0.13247384192107864	0.025118805159538356	68.0	4.0	43.41658669218482	
13	185	complex	-1.0	-1.0	-1.0	-1.0	-1.0	-1.0	-1.0	-1.0	-1.0	-1.0	-1.0	-1.0	-1.0	-1.0	-1.0	-1.0	-1.0	-1.0	-1.0	-1.0	-1.0	
13	186	no	1117.0	124.46803731999987	39.66106403010388	33.83784863137726	-1.0	-1.0	-1.0	-1.0	-1.0	-1.0	-1.0	-1.0	-1.0	-1.0	1.1720917739825472	-1.0	-1.0	-1.0	80.0	3.0	-1.0	
13	187	no	1356.0	137.88225087999987	45.880278987817846	35.4682957019364	-1.0	-1.0	-1.0	-1.0	-1.0	-1.0	-1.0	-1.0	-1.0	-1.0	1.293557473789557	-1.0	-1.0	-1.0	94.0	3.0	-1.0	
14	188	medium	1375.0	162.26702715999997	43.174066289845804	30.805843601498726	2.0825652797308845	2.0825652797308845	20.396078054371138	17.907400284329977	12.165525060596439	1.4823713747586544	40.28456470965218	20.396078054371138	40.79215610874228	1.1389748221699663	1.401489498172527	0.8126888026311528	0.47984434233844686	0.27669452181987003	82.0	3.0	42.44997055358225	
14	189	large	2185.0	213.96551192000007	44.553338819890925	36.49657518178932	10.62757124453708	15.209657898384734	37.21558813185679	30.78145892351771	15.297058540778355	14.387249462745636	55.402458721905404	20.024984394500787	54.83952182188552	1.20902612914891	1.220753963843755	0.9903929579242012	0.8387159283057976	0.7110415035238841	124.0	5.0	42.2965719651132	
14	190	complex	-1.0	-1.0	-1.0	-1.0	-1.0	-1.0	-1.0	-1.0	-1.0	-1.0	-1.0	-1.0	-1.0	-1.0	-1.0	-1.0	-1.0	-1.0	-1.0	-1.0	-1.0	
14	191	complex	-1.0	-1.0	-1.0	-1.0	-1.0	-1.0	-1.0	-1.0	-1.0	-1.0	-1.0	-1.0	-1.0	-1.0	-1.0	-1.0	-1.0	-1.0	-1.0	-1.0	-1.0	
14	192	small	1413.0	151.88225087999996	44.654227123532216	35.22782990761707	3.2562059319512144	4.613870897488432	12.806248474865697	14.989549839128621	13.45362404707371	3.5382988392768753	33.609790983576644	20.615528128088304	43.98667954410384	0.8543451012408892	1.2675838176985446	0.673994957423848	0.2875933703180194	0.12053925455987312	100.0	3.0	43.60045871318328	
14	193	complex	-1.0	-1.0	-1.0	-1.0	-1.0	-1.0	-1.0	-1.0	-1.0	-1.0	-1.0	-1.0	-1.0	-1.0	-1.0	-1.0	-1.0	-1.0	-1.0	-1.0	-1.0	
14	194	no	1418.0	139.29646443999988	46.32493928760188	38.27531841800928	-1.0	-1.0	-1.0	-1.0	-1.0	-1.0	-1.0	-1.0	-1.0	-1.0	1.210308397220416	-1.0	-1.0	-1.0	79.0	3.0	-1.0	
14	195	no	1273.0	133.0538237599999	44.598206241955516	35.38361202590826	-1.0	-1.0	-1.0	-1.0	-1.0	-1.0	-1.0	-1.0	-1.0	-1.0	1.2604198296460019	-1.0	-1.0	-1.0	83.0	3.0	-1.0	
14	196	medium	1622.0	183.58073564000003	42.190046219457976	32.2490309931942	5.440332031005511	8.934970958258845	26.248809496813376	23.20248652347041	14.142135623730951	5.972972835563713	45.64478232882872	20.0	38.457558099982386	1.1312929530316274	1.308257796284227	0.864732437478895	0.6178073179830684	0.4392191659272405	87.0	3.0	42.43819034784589	
14	197	large	2171.0	216.79393904000005	43.86342439892262	36.24913792078372	10.191501850027691	9.80697219044319	36.138621999185304	30.40588809557753	13.341664064126334	9.803156180632394	56.52548219154173	20.615528128088304	57.55410170240619	1.1885402552817257	1.210054277560438	0.9822206138371857	0.7972166299448896	0.6855590062111802	86.0	4.0	43.01162633521314	
15	198	small	1318.0	151.19595935999993	40.311288741492746	33.97057550292606	6.060550790856865	4.371546668683976	12.041594578792296	16.073527105207685	12.041594578792296	2.3318530102771193	31.733345227170094	19.849433241279208	30.592159200175068	0.7491569522964827	1.1866531003580003	0.631319255872226	0.2986265050012545	0.12265758091993186	152.0	3.0	40.45985664828782	
15	199	small	1652.0	155.53910511999993	49.03060268852505	39.81205847478876	68.86304600903273	75.20323775494265	6.708203932499369	-1.0	13.892443989449804	25.37190921153293	9.193194575250908	20.248456731316587	26.242156264242816	-1.0	1.231551559173309	-1.0	0.16069293779756905	0.039647577092511016	102.0	7.0	41.10960958218893	
15	200	small	1350.0	153.33809495999986	44.28317965096906	33.24154027718932	5.0388550245190675	2.397456912922361	14.035668847618199	14.733645378286578	12.0	2.4614311993654394	34.926179422458645	21.02379604162864	58.84184247655322	0.9526270306670331	1.332163891375293	0.7150974717409317	0.3090070205798936	0.13350125944584382	135.0	4.0	43.41658669218482	
15	201	small	1633.0	166.75230851999993	46.87216658103186	37.656340767525464	84.3416959463301	86.13878539980182	15.524174696260024	16.346834254260607	14.560219778561036	33.623365740421576	3.292938120714497	18.681541692269406	33.69986132411267	0.9496746865353354	1.2447350333480638	0.7629532881234322	0.34493644658230366	0.14596491228070174	127.0	3.0	38.07886552931954	
15	202	no	1056.0	118.81118307999986	38.41874542459709	33.421549934136806	-1.0	-1.0	-1.0	-1.0	-1.0	-1.0	-1.0	-1.0	-1.0	-1.0	1.1495201599060534	-1.0	-1.0	-1.0	149.0	3.0	-1.0	
15	203	small	1460.0	148.3675322399999	50.32891812864648	34.17601498127012	2.6425452940647247	10.007979801441337	5.830951894845301	-1.0	13.892443989449804	2.0862757218744097	28.55803991585586	22.847319317591726	12.004900959975618	-1.0	1.4726385787292293	-1.0	0.15030524496319547	0.04136947218259629	146.0	4.0	49.39635614091387	
15	204	no	1521.0	145.53910511999987	49.24428900898052	38.948684188300895	-1.0	-1.0	-1.0	-1.0	-1.0	-1.0	-1.0	-1.0	-1.0	-1.0	1.2643376800845083	-1.0	-1.0	-1.0	110.0	4.0	-1.0	
15	205	no	1324.0	134.8111830799999	45.18849411078001	35.34119409414458	-1.0	-1.0	-1.0	-1.0	-1.0	-1.0	-1.0	-1.0	-1.0	-1.0	1.278635181097827	-1.0	-1.0	-1.0	143.0	3.0	-1.0	
15	206	no	1254.0	130.46803731999984	41.97618372363071	36.6742416417845	-1.0	-1.0	-1.0	-1.0	-1.0	-1.0	-1.0	-1.0	-1.0	-1.0	1.1445685539631034	-1.0	-1.0	-1.0	119.0	3.0	-1.0	
15	207	medium	1862.0	195.23758988000003	44.77722635447622	34.9857113690718	11.63363399894044	14.89300132264961	27.892651361962706	24.41717705188547	13.601470508735444	11.144057830864657	48.3626010101875	22.135943621178654	43.35960445364298	1.1423372694841831	1.2798718277330885	0.8925403659423407	0.6138269880617617	0.42900997697620874	120.0	3.0	44.384682042344295	
15	208	no	1448.0	142.36753223999986	46.8187996428785	37.33630940518894	-1.0	-1.0	-1.0	-1.0	-1.0	-1.0	-1.0	-1.0	-1.0	-1.0	1.2539750282970308	-1.0	-1.0	-1.0	83.0	3.0	-1.0	
15	209	medium	1998.0	198.40916276000002	45.79301256742124	37.21558813185679	21.49134644701502	35.55268847528646	29.068883707497267	25.88783325587519	15.033296378372908	24.23950593697548	43.58388732842723	21.37755832643195	41.68793399912399	1.1228782038334608	1.2304793465892352	0.9125534751525624	0.6267838668533758	0.45098039215686275	153.0	4.0	43.965895873961216	
15	210	medium	1667.0	184.16652208000005	42.720018726587654	34.17601498127012	3.5436079587288063	0.0	25.632011235952593	21.439098074996146	13.416407864998739	0.3511234415883917	46.23125314247158	20.615528128088304	-1.0	1.1955732067780656	1.25	0.9564585654224524	0.5827913244011041	0.3675143560295324	141.0	4.0	42.5440947723653	
15	211	no	1379.0	136.95331867999988	46.04345773288535	36.05551275463989	-1.0	-1.0	-1.0	-1.0	-1.0	-1.0	-1.0	-1.0	-1.0	-1.0	1.2770157519659775	-1.0	-1.0	-1.0	135.0	3.0	-1.0	
15	212	medium	1672.0	184.65180344000004	45.89117562233506	35.6931365951495	36.820843052082466	45.0	21.633307652783937	20.938861741930857	12.206555615733702	27.848491189622134	31.574697757247627	19.849433241279208	39.383713931991274	1.0331654088656799	1.2857142857142856	0.8035730957844177	0.4930920168330175	0.26858877086494687	132.0	4.0	41.617304093369626	
15	213	large	2061.0	207.13708480000008	43.104524124504614	35.05709628591621	2.984282143593377	3.990913098429786	34.0	29.4584999276538	15.0	2.227144411169237	53.99762674470251	20.09975124224178	31.99999999999995	1.154166033012527	1.2295520362826333	0.938688236816699	0.818410898629856	0.6674757281553398	73.0	4.0	41.43669871020132	
15	214	small	1287.0	142.3675322399999	44.553338819890925	33.54101966249684	0.7655995915227995	2.6992910574452083	9.055385138137417	-1.0	12.041594578792296	1.0998053411459223	29.15832642659726	20.223748416156685	23.35336167203863	-1.0	1.3283239230114183	-1.0	0.21100997860709148	0.07339449541284404	142.0	3.0	42.42640687119285	
16	215	no	996.0	117.39696951999987	40.80441152620633	30.0	-1.0	-1.0	-1.0	-1.0	-1.0	-1.0	-1.0	-1.0	-1.0	-1.0	1.3601470508735443	-1.0	-1.0	-1.0	123.0	3.0	-1.0	
16	216	large	2700.0	242.69343396000022	45.45327270945405	37.64306044943742	25.742680197079792	36.963327289104086	43.174066289845804	37.22611786186954	14.560219778561036	34.78297393690554	52.43994447931509	20.615528128088304	57.84593119003918	1.159778907111577	1.2074807990308702	0.9604946994125463	0.9624809035923451	0.9313304721030042	140.0	4.0	44.10215414239989	
16	217	no	1098.0	122.81118307999986	42.15447781671598	31.38470965295043	-1.0	-1.0	-1.0	-1.0	-1.0	-1.0	-1.0	-1.0	-1.0	-1.0	1.3431533470551988	-1.0	-1.0	-1.0	121.0	3.0	-1.0	
16	218	medium	1669.0	180.75230851999999	42.5440947723653	35.35533905932738	15.01836063115067	29.577838681261312	24.0	22.891510509183426	14.0	17.558253477876725	40.30508652763321	20.615528128088304	35.57142857142859	1.048423606226067	1.2033287165193058	0.8712694975473448	0.5669645999079274	0.3569105691056911	130.0	4.0	41.78516483155236	
16	219	no	1068.0	120.81118307999988	38.28837943815329	33.97057550292606	-1.0	-1.0	-1.0	-1.0	-1.0	-1.0	-1.0	-1.0	-1.0	-1.0	1.1271042327456395	-1.0	-1.0	-1.0	147.0	3.0	-1.0	
16	220	medium	1715.0	182.9949492	44.384682042344295	33.95585369269929	13.392497753751098	16.639942085585663	25.019992006393608	21.86908863390104	14.0	12.008647476431221	44.587304848869664	21.0	41.93602433776036	1.1440802323882897	1.307129028297329	0.875261896584588	0.5504746177172043	0.3557312252964427	184.0	4.0	44.181444068749045	
16	221	large	2198.0	218.2081526000001	46.32493928760188	33.95585369269929	2.450852637771021	2.7327274538730535	36.6742416417845	30.575714019377582	14.317821063276353	1.5110651212172095	59.31230645021367	22.561028345356956	31.69378907314726	1.1994565889300877	1.3642696103842034	0.87919321796833	0.7817315934479732	0.6817138485080336	141.0	3.0	46.32493928760188	
16	222	complex	-1.0	-1.0	-1.0	-1.0	-1.0	-1.0	-1.0	-1.0	-1.0	-1.0	-1.0	-1.0	-1.0	-1.0	-1.0	-1.0	-1.0	-1.0	-1.0	-1.0	-1.0	
16	223	large	2368.0	227.37972548000016	48.46648326421054	36.76955262170047	14.483857638787036	18.621579366487577	36.05551275463989	31.00883155879648	16.0	17.083971112288772	55.535078737805	22.20360331117452	53.5017286036592	1.162749801980584	1.3181145760149073	0.8821310553259778	0.7907234857393066	0.6152796725784447	164.0	4.0	46.57252408878007	
16	224	no	994.0	115.15432883999989	38.2099463490856	31.144823004794873	-1.0	-1.0	-1.0	-1.0	-1.0	-1.0	-1.0	-1.0	-1.0	-1.0	1.2268474392422466	-1.0	-1.0	-1.0	118.0	3.0	-1.0	
16	225	no	1408.0	138.71067799999986	45.0	39.20459156782532	-1.0	-1.0	-1.0	-1.0	-1.0	-1.0	-1.0	-1.0	-1.0	-1.0	1.1478247368589065	-1.0	-1.0	-1.0	152.0	4.0	-1.0	
16	226	large	2105.0	208.6518034400001	48.76474136094644	35.35533905932738	10.619655276155129	31.71793560725908	32.0624390837628	26.793091952456372	14.035668847618199	22.147149146266674	48.592378003139544	21.840329667841555	42.12583237282702	1.1966681240319983	1.3792751719653333	0.8676065141713979	0.6623972988531114	0.505722460658083	168.0	4.0	46.486557196677836	
16	227	no	1525.0	145.53910511999987	48.703182647543684	38.27531841800928	-1.0	-1.0	-1.0	-1.0	-1.0	-1.0	-1.0	-1.0	-1.0	-1.0	1.2724435657373367	-1.0	-1.0	-1.0	96.0	3.0	-1.0	
16	228	small	1498.0	165.43860003999993	45.27692569068709	36.796738985948195	46.8476102659946	51.55355229897224	12.041594578792296	-1.0	10.04987562112089	24.029900073886605	21.71388068668583	20.0	30.682095788585517	-1.0	1.2304602782321898	-1.0	0.281382418805089	0.08945454545454545	106.0	4.0	41.23105625617661	
17	229	no	1137.0	123.63961019999985	41.7612260356422	33.52610922848042	-1.0	-1.0	-1.0	-1.0	-1.0	-1.0	-1.0	-1.0	-1.0	-1.0	1.24563294091299	-1.0	-1.0	-1.0	100.0	3.0	-1.0	
17	230	small	1639.0	163.78174579999995	47.885279575251516	38.47076812334269	2.422607458123764	2.140901366323103	11.180339887498949	18.334704033258152	14.7648230602334	0.5429643562828345	33.11605310076932	21.95449840010015	14.534441853748609	0.6097911298278076	1.2447185723384722	0.4899028128761536	0.24077499280441017	0.09778968519758875	85.0	8.0	47.16990566028302	
17	231	no	1098.0	123.05382375999984	40.496913462633174	32.89376840679705	-1.0	-1.0	-1.0	-1.0	-1.0	-1.0	-1.0	-1.0	-1.0	-1.0	1.231142414630275	-1.0	-1.0	-1.0	113.0	3.0	-1.0	
17	232	small	1567.0	149.53910511999996	47.885279575251516	38.948684188300895	29.744881296942225	38.16827475142671	6.082762530298219	-1.0	15.033296378372908	14.28413921913303	22.645180918972567	21.0	23.114497615133235	-1.0	1.229445373398132	-1.0	0.15111125657847269	0.0356906807666887	67.0	4.0	43.965895873961216	
17	233	no	1202.0	127.63961019999985	42.43819034784589	34.40930106817051	-1.0	-1.0	-1.0	-1.0	-1.0	-1.0	-1.0	-1.0	-1.0	-1.0	1.2333348551244567	-1.0	-1.0	-1.0	89.0	3.0	-1.0	
17	234	medium	1594.0	175.92388139999997	40.80441152620633	35.17101079013795	5.6369103340948925	3.0664855011258965	24.73863375370596	21.595017115888094	13.341664064126334	2.940858488375231	43.64389778727708	19.4164878389476	54.97474167490208	1.1455713890360852	1.160171704182241	0.987415384211213	0.5738417606388563	0.38128249566724437	111.0	3.0	40.26164427839479	
17	235	large	1847.0	198.16652208000002	42.20189569201838	33.60059523282288	3.509026588616564	3.7034333197694593	32.64965543462902	25.063919867947952	13.45362404707371	4.099341917304425	52.67763823037778	19.849433241279208	63.46506056394183	1.3026555944420248	1.2559865502261485	1.0371572802331945	0.7363776000710331	0.5813356164383562	84.0	3.0	42.01190307520001	
17	236	no	1139.0	125.05382375999984	41.78516483155236	33.24154027718932	-1.0	-1.0	-1.0	-1.0	-1.0	-1.0	-1.0	-1.0	-1.0	-1.0	1.2570165065493597	-1.0	-1.0	-1.0	106.0	4.0	-1.0	
17	237	medium	1840.0	185.09545428	46.87216658103186	38.27531841800928	27.58353552479114	39.13039955698529	21.095023109728988	21.45556352132221	15.033296378372908	23.020058143347008	34.6959882997381	21.095023109728988	36.476810793906374	0.9831959476974389	1.2246055295774523	0.8028674736073491	0.447262164214183	0.2594113620807666	72.0	4.0	43.68065933568311	
17	238	small	1985.0	194.06601700000004	51.19570294468082	39.81205847478876	48.71528910542878	61.49303530737561	19.849433241279208	19.503094752125577	14.866068747318506	33.303576314643564	23.862117066908095	21.400934559032695	37.89841397131137	1.0177581298535139	1.2859345863038159	0.7914540449361999	0.39589758717897594	0.18933493109646496	67.0	3.0	46.09772228646444	
17	239	large	1788.0	192.99494920000004	41.72529209005013	34.655446902326915	19.798876354524925	26.150281473079495	32.57299494980466	24.747551839238227	13.341664064126334	20.778764067819335	46.74589840280566	18.788294228055936	47.146555294625436	1.3162107977953148	1.2040038672030087	1.0931948257383686	0.7487237679137885	0.5697980684811238	84.0	3.0	39.44616584663204	
17	240	complex	-1.0	-1.0	-1.0	-1.0	-1.0	-1.0	-1.0	-1.0	-1.0	-1.0	-1.0	-1.0	-1.0	-1.0	-1.0	-1.0	-1.0	-1.0	-1.0	-1.0	-1.0	
17	241	medium	2291.0	211.96551192000015	47.67598976424087	44.721359549995796	80.53767779197439	80.34010692155766	27.0	27.439937269203288	16.0	46.41749465387815	8.407615595399209	20.0	47.08510638297872	0.9839672640324494	1.0660675400742674	0.9229877348708145	0.5671994301008634	0.35803200948429165	70.0	3.0	43.174066289845804	
17	242	large	2206.0	218.30865768000012	43.93176527297759	35.4682957019364	6.567216925355922	18.110023499900535	38.07886552931954	31.716939054689522	13.892443989449804	15.501311995283803	56.501164218347014	20.248456731316587	49.86866812589733	1.2005845035569211	1.238620700643903	0.9692914892612334	0.8748269934339363	0.7521842732327244	89.0	3.0	42.720018726587654	
17	243	small	1274.0	138.4680373199999	44.553338819890925	33.37663853655727	1.7561600609308092	0.9093804491991424	7.0710678118654755	-1.0	13.0	1.616040501275641	26.575474310526303	19.1049731745428	101.82337649086274	-1.0	1.3348659653395551	-1.0	0.17614177020978095	0.05202312138728324	68.0	5.0	42.7551166528639	
17	244	no	1172.0	127.88225087999986	42.190046219457976	34.132096331752024	-1.0	-1.0	-1.0	-1.0	-1.0	-1.0	-1.0	-1.0	-1.0	-1.0	1.236081306269193	-1.0	-1.0	-1.0	89.0	4.0	-1.0	
17	245	complex	-1.0	-1.0	-1.0	-1.0	-1.0	-1.0	-1.0	-1.0	-1.0	-1.0	-1.0	-1.0	-1.0	-1.0	-1.0	-1.0	-1.0	-1.0	-1.0	-1.0	-1.0	
17	246	small	1606.0	167.68124071999998	47.16990566028302	35.84689665786984	27.606677853087962	42.049220890993645	14.560219778561036	18.67238616134072	14.560219778561036	19.60996078011766	29.29123851421271	21.095023109728988	29.2787028155847	0.7797728502801903	1.315871387988821	0.5925904745690957	0.32704598301856597	0.15373563218390804	50.0	4.0	44.82186966202994	
17	247	small	1479.0	153.68124071999992	47.095647357266465	36.124783736376884	0.2246881796245077	3.6522227803063356	9.0	-1.0	15.0	0.5096012338027031	31.55728234442119	22.090722034374522	8.000000000000002	-1.0	1.3036935446022382	-1.0	0.21940010384552283	0.06479481641468683	61.0	5.0	46.2709412050371	
18	248	no	1399.0	139.29646443999988	46.61544808322666	36.61966684720111	-1.0	-1.0	-1.0	-1.0	-1.0	-1.0	-1.0	-1.0	-1.0	-1.0	1.2729621019692468	-1.0	-1.0	-1.0	157.0	3.0	-1.0	
18	249	medium	2335.0	217.48023056000008	47.80167361086848	41.400483088968905	1.0210048155726739	2.4562220476245997	31.240998703626616	29.30873633383188	15.620499351813308	1.7572606491522769	52.51146454808541	21.400934559032695	41.003810798510024	1.0659278635484626	1.1546163243589096	0.9231879378981668	0.6462542767140012	0.4778481012658228	118.0	3.0	47.01063709417264	
18	250	small	1782.0	180.40916275999996	50.80354318352215	37.20215047547655	28.902357036201806	44.3444704864097	18.24828759089466	21.075381571282787	15.132745950421556	23.876287439601846	32.14867916811413	21.93171219946131	34.15921735764694	0.8658579930889454	1.3656077010121113	0.6340459214218113	0.38290740104717697	0.1872085276482345	114.0	3.0	46.32493928760188	
18	251	no	1233.0	129.9827559599999	42.95346318982906	34.438350715445125	-1.0	-1.0	-1.0	-1.0	-1.0	-1.0	-1.0	-1.0	-1.0	-1.0	1.2472566861503336	-1.0	-1.0	-1.0	71.0	4.0	-1.0	
18	252	large	1916.0	199.23758988000003	42.5440947723653	34.48187929913333	10.232972227337143	20.697179530741096	32.38826948140329	25.864693306438806	14.142135623730951	16.2889821421266	50.22928086299322	19.924858845171276	46.088440966350035	1.2522193515954234	1.2338102109601259	1.0149205610974574	0.729385206211671	0.5679214402618658	175.0	4.0	41.78516483155236	
18	253	no	1267.0	135.29646443999988	46.010868281309364	33.97057550292606	-1.0	-1.0	-1.0	-1.0	-1.0	-1.0	-1.0	-1.0	-1.0	-1.0	1.354432993852171	-1.0	-1.0	-1.0	88.0	3.0	-1.0	
18	254	no	1199.0	126.46803731999984	41.48493702538308	35.17101079013795	-1.0	-1.0	-1.0	-1.0	-1.0	-1.0	-1.0	-1.0	-1.0	-1.0	1.179520749998336	-1.0	-1.0	-1.0	100.0	3.0	-1.0	
18	255	no	1256.0	132.12489155999987	42.20189569201838	36.138621999185304	-1.0	-1.0	-1.0	-1.0	-1.0	-1.0	-1.0	-1.0	-1.0	-1.0	1.1677782205688354	-1.0	-1.0	-1.0	126.0	3.0	-1.0	
18	256	small	1626.0	172.99494919999995	46.09772228646444	35.4682957019364	3.5763343749973444	0.0	18.439088914585774	18.43553422491971	13.45362404707371	1.9523741203679055	39.52825959786553	21.213203435596427	-1.0	1.000192817285504	1.299688112275091	0.7695637190484697	0.3941924704842206	0.21072226358897989	97.0	5.0	44.204072210600685	
18	257	no	1223.0	128.22539663999984	42.20189569201838	35.22782990761707	-1.0	-1.0	-1.0	-1.0	-1.0	-1.0	-1.0	-1.0	-1.0	-1.0	1.197970349087366	-1.0	-1.0	-1.0	138.0	3.0	-1.0	
18	258	complex	-1.0	-1.0	-1.0	-1.0	-1.0	-1.0	-1.0	-1.0	-1.0	-1.0	-1.0	-1.0	-1.0	-1.0	-1.0	-1.0	-1.0	-1.0	-1.0	-1.0	-1.0	
18	259	no	1097.0	123.63961019999986	41.43669871020132	32.31098884280702	-1.0	-1.0	-1.0	-1.0	-1.0	-1.0	-1.0	-1.0	-1.0	-1.0	1.282433629988574	-1.0	-1.0	-1.0	128.0	3.0	-1.0	
18	260	no	1389.0	138.12489155999987	46.389654018972806	37.33630940518894	-1.0	-1.0	-1.0	-1.0	-1.0	-1.0	-1.0	-1.0	-1.0	-1.0	1.2424809724906996	-1.0	-1.0	-1.0	84.0	3.0	-1.0	
18	261	medium	2212.0	211.48023056000005	47.634021455258214	39.05124837953327	29.90842732140512	40.010424457854775	31.575306807693888	27.148072108388558	16.278820596099706	30.48241478758701	43.788612937050424	21.540659228538015	47.41193948787129	1.1630773147216353	1.2197822971575774	0.9535122106886779	0.6476030138633516	0.46879150066401065	93.0	3.0	44.77722635447622	
18	262	no	1203.0	128.46803731999987	41.43669871020132	34.52535300326414	-1.0	-1.0	-1.0	-1.0	-1.0	-1.0	-1.0	-1.0	-1.0	-1.0	1.2001817535734902	-1.0	-1.0	-1.0	89.0	4.0	-1.0	
18	263	complex	-1.0	-1.0	-1.0	-1.0	-1.0	-1.0	-1.0	-1.0	-1.0	-1.0	-1.0	-1.0	-1.0	-1.0	-1.0	-1.0	-1.0	-1.0	-1.0	-1.0	-1.0	
19	264	no	1219.0	131.53910511999985	44.94441010848846	33.24154027718932	-1.0	-1.0	-1.0	-1.0	-1.0	-1.0	-1.0	-1.0	-1.0	-1.0	1.352055582674963	-1.0	-1.0	-1.0	127.0	3.0	-1.0	
19	265	complex	-1.0	-1.0	-1.0	-1.0	-1.0	-1.0	-1.0	-1.0	-1.0	-1.0	-1.0	-1.0	-1.0	-1.0	-1.0	-1.0	-1.0	-1.0	-1.0	-1.0	-1.0	
19	266	no	1436.0	141.5391051199999	46.14108798023731	37.589892258425	-1.0	-1.0	-1.0	-1.0	-1.0	-1.0	-1.0	-1.0	-1.0	-1.0	1.227486571736468	-1.0	-1.0	-1.0	72.0	3.0	-1.0	
19	267	medium	2022.0	200.65180343999998	51.40038910358559	36.40054944640259	30.89464223566476	48.402769771061756	25.495097567963924	23.347649278921143	15.297058540778355	30.641791384612905	35.93352352897705	22.20360331117452	40.974263948513446	1.0919770664441817	1.4120772868901132	0.7733125350731305	0.5003803412014705	0.31469440832249673	114.0	3.0	48.104053883222775	
19	268	complex	-1.0	-1.0	-1.0	-1.0	-1.0	-1.0	-1.0	-1.0	-1.0	-1.0	-1.0	-1.0	-1.0	-1.0	-1.0	-1.0	-1.0	-1.0	-1.0	-1.0	-1.0	
19	269	large	2331.0	220.06601700000007	47.80167361086848	39.20459156782532	27.050597007086118	35.296626319098095	33.52610922848042	28.148528945957363	15.297058540778355	28.806522784317682	47.341393591336235	22.360679774997898	49.854700224209	1.1910430308044704	1.2192876318624544	0.9768351615157118	0.6842804053938485	0.49423076923076925	184.0	5.0	46.647615158762406	
19	270	no	1294.0	136.3675322399999	45.17742799230607	34.88552708502482	-1.0	-1.0	-1.0	-1.0	-1.0	-1.0	-1.0	-1.0	-1.0	-1.0	1.2950192176313489	-1.0	-1.0	-1.0	89.0	4.0	-1.0	
19	271	small	1382.0	152.26702715999994	43.56604182158393	34.52535300326414	3.2519456003638787	1.1160103914072863	14.142135623730951	14.53127775551904	13.0	2.01992185474151	34.69913833717319	20.615528128088304	103.7089945740257	0.9732203775651944	1.2618565208432497	0.7712607269444778	0.31667916583088074	0.1263243683781581	145.0	3.0	42.20189569201838	
19	272	no	1465.0	140.9533186799999	46.04345773288535	39.05124837953327	-1.0	-1.0	-1.0	-1.0	-1.0	-1.0	-1.0	-1.0	-1.0	-1.0	1.1790521338881625	-1.0	-1.0	-1.0	82.0	3.0	-1.0	
19	273	no	1572.0	147.53910511999987	50.20956084253277	38.18376618407357	-1.0	-1.0	-1.0	-1.0	-1.0	-1.0	-1.0	-1.0	-1.0	-1.0	1.3149452204501282	-1.0	-1.0	-1.0	94.0	4.0	-1.0	
19	274	no	1514.0	144.1248915599999	46.486557196677836	39.84971769034255	-1.0	-1.0	-1.0	-1.0	-1.0	-1.0	-1.0	-1.0	-1.0	-1.0	1.1665467132768095	-1.0	-1.0	-1.0	116.0	3.0	-1.0	
19	275	no	1161.0	126.81118307999986	42.05948168962618	34.0	-1.0	-1.0	-1.0	-1.0	-1.0	-1.0	-1.0	-1.0	-1.0	-1.0	1.2370435791066523	-1.0	-1.0	-1.0	72.0	4.0	-1.0	
19	276	medium	2141.0	207.03657972000002	50.99019513592785	41.10960958218893	62.92339295633497	62.80070410849589	23.769728648009426	23.62215689183136	18.027756377319946	38.63487862222225	19.995324897372367	19.6468827043885	43.438186861390136	1.0062471753470192	1.2403473458920846	0.8112624086145035	0.4627025261047149	0.26089517078916374	87.0	4.0	43.04648650006177	
19	277	no	1588.0	148.9533186799999	49.040799340956916	39.56008088970496	-1.0	-1.0	-1.0	-1.0	-1.0	-1.0	-1.0	-1.0	-1.0	-1.0	1.239653666980221	-1.0	-1.0	-1.0	119.0	3.0	-1.0	
19	278	no	1113.0	123.05382375999987	40.607881008493905	33.54101966249684	-1.0	-1.0	-1.0	-1.0	-1.0	-1.0	-1.0	-1.0	-1.0	-1.0	1.2106930980962012	-1.0	-1.0	-1.0	102.0	4.0	-1.0	
19	279	large	1964.0	209.1370848000001	43.73785545725808	32.7566787083184	10.466207639570655	9.443922793271739	35.11409973215888	29.759218697681238	13.0	9.259713256763993	54.3705915932107	19.313207915827967	56.43337456954111	1.1799402426816694	1.3352347424084563	0.8836949827663476	0.8460241442337868	0.698961937716263	120.0	4.0	42.44997055358225	
19	280	no	1149.0	125.05382375999986	42.190046219457976	34.23448553724738	-1.0	-1.0	-1.0	-1.0	-1.0	-1.0	-1.0	-1.0	-1.0	-1.0	1.232384408801905	-1.0	-1.0	-1.0	91.0	4.0	-1.0	
20	281	small	1398.0	155.6812407199999	43.41658669218482	34.20526275297414	9.00691492888393	13.678568647874044	14.317821063276353	15.444208898062431	13.416407864998739	5.73513532432574	34.205262752974136	19.72308292331602	24.252635678610964	0.9270673012634923	1.2692955176439846	0.7303794020987937	0.34340307584050095	0.1515650741350906	102.0	3.0	42.190046219457976	
20	282	no	1347.0	137.63961019999988	48.79549159502341	33.24154027718932	-1.0	-1.0	-1.0	-1.0	-1.0	-1.0	-1.0	-1.0	-1.0	-1.0	1.4679070581006548	-1.0	-1.0	-1.0	110.0	3.0	-1.0	
20	283	no	1596.0	148.95331867999994	52.0	38.0	-1.0	-1.0	-1.0	-1.0	-1.0	-1.0	-1.0	-1.0	-1.0	-1.0	1.368421052631579	-1.0	-1.0	-1.0	87.0	5.0	-1.0	
20	284	no	1148.0	125.63961019999985	42.43819034784589	33.015148038438355	-1.0	-1.0	-1.0	-1.0	-1.0	-1.0	-1.0	-1.0	-1.0	-1.0	1.2854157218509705	-1.0	-1.0	-1.0	121.0	4.0	-1.0	
20	285	small	1686.0	159.43860003999995	51.478150704935004	38.948684188300895	22.044481032073243	36.17962044797895	8.06225774829855	-1.0	14.142135623730951	13.112359141823065	28.473362402653716	23.194827009486403	22.212342775924572	-1.0	1.3216916508927306	-1.0	0.17800863766105773	0.057053291536050155	90.0	3.0	49.040799340956916	
20	286	small	1239.0	135.29646443999988	43.46262762420146	33.61547262794322	42.997466868173106	45.17309850512015	5.385164807134504	-1.0	10.198039027185569	15.875708343408688	17.075470166760542	18.788294228055936	22.384118776643422	-1.0	1.2929351940175515	-1.0	0.1359131505282415	0.022277227722772276	151.0	9.0	38.27531841800928	
20	287	medium	1590.0	175.58073563999997	43.0	34.0	2.726310993906253	0.0	23.0	20.808232315414944	14.0	1.0	44.0	21.02379604162864	-1.0	1.105331757708288	1.2647058823529411	0.8739832502809719	0.5280536542198958	0.3338926174496644	172.0	4.0	43.04648650006177	
20	288	complex	-1.0	-1.0	-1.0	-1.0	-1.0	-1.0	-1.0	-1.0	-1.0	-1.0	-1.0	-1.0	-1.0	-1.0	-1.0	-1.0	-1.0	-1.0	-1.0	-1.0	-1.0	
20	289	no	1509.0	147.53910511999993	50.59644256269407	37.0	-1.0	-1.0	-1.0	-1.0	-1.0	-1.0	-1.0	-1.0	-1.0	-1.0	1.3674714206133534	-1.0	-1.0	-1.0	101.0	4.0	-1.0	
20	290	small	1622.0	162.85281359999993	46.010868281309364	39.01281840626232	21.80140948635181	37.27273765187196	13.601470508735444	16.45355085385487	15.0	16.170092584456384	30.09267333045464	21.540659228538015	26.700512027702292	0.8266586726201282	1.179378218773441	0.7009275391569103	0.2829563720331301	0.12171507607192254	111.0	4.0	43.68065933568311	
20	291	complex	-1.0	-1.0	-1.0	-1.0	-1.0	-1.0	-1.0	-1.0	-1.0	-1.0	-1.0	-1.0	-1.0	-1.0	-1.0	-1.0	-1.0	-1.0	-1.0	-1.0	-1.0	
20	292	small	1440.0	155.78174579999995	43.32435804486894	35.73513677041127	1.7899106082460605	1.7504297953667418	13.601470508735444	18.257217122962885	15.524174696260024	0.09232681522614586	34.30796999257966	20.248456731316587	3.022549001941199	0.7449914418571651	1.2123742053435078	0.6144896836089342	0.3398818970271477	0.1566265060240964	150.0	3.0	42.720018726587654	
20	293	medium	2107.0	205.48023056000005	48.010415536631214	40.22437072223753	2.0040070919910136	1.3895312446530284	26.627053911388696	24.927834299005468	15.0	0.8748101746370981	48.95042395060921	23.021728866442675	36.075363363816784	1.0681655530922323	1.1935653603671983	0.8949367906954111	0.5512278636606042	0.3446075303126994	124.0	3.0	47.16990566028302	
20	294	medium	2028.0	201.33809496000003	48.41487374764082	37.8021163428716	0.4151795411448802	4.003286215034109	26.627053911388696	26.72461799575105	13.892443989449804	2.0241713426914676	49.78557239837953	22.80350850198276	28.993903147956534	0.996349280488205	1.280745059575758	0.777945050842704	0.5543022175750938	0.35470941883767537	104.0	3.0	48.82622246293481	
20	295	no	1447.0	143.7817457999999	50.53711507397311	35.77708763999664	-1.0	-1.0	-1.0	-1.0	-1.0	-1.0	-1.0	-1.0	-1.0	-1.0	1.412555308651665	-1.0	-1.0	-1.0	119.0	3.0	-1.0	
20	296	small	1783.0	184.9949492	48.60041152089147	37.8021163428716	10.463258450158705	18.857363136364192	19.4164878389476	20.715352320467844	13.601470508735444	10.267402772618476	40.500377971264115	21.93171219946131	31.766647316835574	0.9372994259799821	1.2856531914794798	0.7290453072351295	0.4402947017609702	0.22796143250688705	74.0	3.0	47.01063709417264	
20	297	no	1273.0	135.29646443999988	44.553338819890925	34.52535300326414	-1.0	-1.0	-1.0	-1.0	-1.0	-1.0	-1.0	-1.0	-1.0	-1.0	1.29045281059628	-1.0	-1.0	-1.0	114.0	6.0	-1.0	
20	298	medium	1719.0	184.16652208000002	44.181444068749045	36.124783736376884	2.570737110690528	0.2246881796245077	23.08679276123039	21.99338455234597	13.152946437965905	0.9053574604251853	45.758059399410726	22.20360331117452	230.86792761229833	1.049715322636315	1.223023074440146	0.85829559930162	0.5048390577166852	0.3182515337423313	140.0	3.0	44.553338819890925	
20	299	no	1173.0	127.29646443999984	43.382023926967726	33.54101966249684	-1.0	-1.0	-1.0	-1.0	-1.0	-1.0	-1.0	-1.0	-1.0	-1.0	1.2934020600296294	-1.0	-1.0	-1.0	124.0	3.0	-1.0	
20	300	small	1330.0	146.3675322399999	45.27692569068709	33.61547262794322	5.9771395650555235	16.493462432007618	8.246211251235321	-1.0	11.40175425099138	5.786611966321958	28.528529424953586	20.615528128088304	20.382144790789205	-1.0	1.3469073064006294	-1.0	0.19051870631223644	0.05304829770387965	122.0	4.0	43.86342439892262	
21	301	large	1835.0	203.48023056000005	43.01162633521314	33.015148038438355	1.6523046776513013	0.6205076478339464	32.202484376209235	25.707476511424062	12.206555615733702	0.9299811099505542	52.88481511478291	20.0	85.87329166989107	1.2526505416390783	1.3027845970927114	0.9615177708076131	0.753995794485798	0.5984320557491289	161.0	3.0	42.720018726587654	
21	302	medium	1809.0	193.23758988000003	44.40720662234904	34.36568055487916	7.765166018425334	7.765166018425334	30.0	23.22985315926167	14.035668847618199	6.890773441398988	49.96263633592509	21.0	51.0	1.2914416545951817	1.2921963396428127	0.9994159671990407	0.6645501148083988	0.46122778675282716	115.0	4.0	43.18564576337837	
21	303	large	2450.0	233.0365797200002	47.0	36.0	7.765166018425334	15.376251248826192	41.48493702538308	33.2294737895652	14.317821063276353	14.0	62.0	22.20360331117452	52.79901075957846	1.2484379767220475	1.3055555555555556	0.9562503651488024	0.8649691790294991	0.7676767676767676	98.0	4.0	46.2709412050371	
21	304	medium	1802.0	186.40916276000002	48.38388161361178	35.11409973215888	27.79592598507125	42.1946467668586	24.186773244895647	21.297718948442327	14.7648230602334	26.641103545470134	36.90825081336407	20.518284528683193	39.665077242583315	1.1356508790188828	1.377904658888347	0.8241868344759735	0.490223325759432	0.30014430014430016	97.0	3.0	43.56604182158393	
21	305	small	1481.0	160.61017291999997	44.01136216933077	34.539832078341085	4.763641690726178	1.8806782381866327	15.231546211727817	16.8582076107519	13.416407864998739	2.726568642395298	37.058663084892366	22.360679774997898	83.0811611548792	0.9035092320261482	1.2742205019846928	0.7090681955115818	0.3396472355925216	0.15974941268598278	125.0	4.0	44.28317965096906	
21	306	small	1499.0	154.2670271599999	47.38143096192854	36.345563690772494	33.78936687112332	44.85001139101254	11.40175425099138	15.691161909603746	15.0	18.973677699231068	25.312580314542544	19.849433241279208	26.903351894071516	0.7266354344360539	1.3036372572193138	0.5573908158976546	0.26396204792091194	0.10220588235294117	124.0	3.0	42.15447781671598	
21	307	large	2222.0	216.3086576800001	47.634021455258214	36.235341863986875	26.363660865810235	40.010424457854796	31.575306807693888	32.13990435469581	16.278820596099706	29.70565903886751	42.94150185861659	21.02379604162864	46.20378400505361	0.9824331292099994	1.3145735352534405	0.7473398047836047	0.6968501052950529	0.5324137931034483	109.0	3.0	45.221676218380054	
21	308	no	1356.0	138.36753223999983	48.25971404805462	35.22782990761707	-1.0	-1.0	-1.0	-1.0	-1.0	-1.0	-1.0	-1.0	-1.0	-1.0	1.3699315051370722	-1.0	-1.0	-1.0	113.0	4.0	-1.0	
21	309	no	1754.0	156.8528136	53.41348144429457	40.607881008493905	-1.0	-1.0	-1.0	-1.0	-1.0	-1.0	-1.0	-1.0	-1.0	-1.0	1.3153476644871505	-1.0	-1.0	-1.0	68.0	3.0	-1.0	
21	310	complex	-1.0	-1.0	-1.0	-1.0	-1.0	-1.0	-1.0	-1.0	-1.0	-1.0	-1.0	-1.0	-1.0	-1.0	-1.0	-1.0	-1.0	-1.0	-1.0	-1.0	-1.0	
21	311	medium	1924.0	193.82337632000002	48.02082881417188	39.11521443121589	33.69006752597977	47.31840104103131	21.840329667841555	22.714128308897617	12.649110640673518	27.675490673909117	32.36592252935903	21.02379604162864	37.646949583088755	0.9615306108527274	1.2276764811967606	0.7832117219639252	0.4624531704875282	0.2591623036649215	123.0	3.0	45.27692569068709	
21	312	small	1953.0	185.9238814	53.45091205957107	39.56008088970496	31.723602957684022	43.98302196928083	15.652475842498529	18.866942106758838	15.264337522473747	23.329817059252758	31.44584065609775	23.769728648009426	33.59490081858117	0.8296244168201073	1.3511325269681393	0.6140214969746417	0.3128130129192245	0.13877551020408163	84.0	4.0	49.09175083453431	
21	313	small	1523.0	152.95331867999994	47.29693436154187	38.07886552931954	41.31937782696954	58.44861505168652	7.0710678118654755	-1.0	10.0	20.424156724742712	18.199071594357545	20.591260281974	23.967198267586138	-1.0	1.2420783472429004	-1.0	0.14764569836654073	0.02628032345013477	123.0	9.0	42.720018726587654	
21	314	no	1420.0	140.12489155999987	47.41307836451879	35.77708763999664	-1.0	-1.0	-1.0	-1.0	-1.0	-1.0	-1.0	-1.0	-1.0	-1.0	1.325235828069857	-1.0	-1.0	-1.0	111.0	3.0	-1.0	
21	315	no	1163.0	129.29646443999985	44.77722635447622	31.78049716414141	-1.0	-1.0	-1.0	-1.0	-1.0	-1.0	-1.0	-1.0	-1.0	-1.0	1.408952985323316	-1.0	-1.0	-1.0	111.0	3.0	-1.0	
21	316	no	1621.0	151.19595935999993	49.39635614091387	39.92492955535426	-1.0	-1.0	-1.0	-1.0	-1.0	-1.0	-1.0	-1.0	-1.0	-1.0	1.2372308903495464	-1.0	-1.0	-1.0	115.0	4.0	-1.0	
21	317	complex	-1.0	-1.0	-1.0	-1.0	-1.0	-1.0	-1.0	-1.0	-1.0	-1.0	-1.0	-1.0	-1.0	-1.0	-1.0	-1.0	-1.0	-1.0	-1.0	-1.0	-1.0	
21	318	small	1431.0	152.36753223999992	46.010868281309364	35.014282800023196	5.440332031005506	10.707686474793963	12.165525060596439	13.752080965530265	13.152946437965905	4.216395109387821	33.3863756877872	21.095023109728988	22.693383286112596	0.8846315762021366	1.3140599950052063	0.673204860938356	0.25772966923131924	0.10331534309946029	100.0	4.0	44.40720662234904	
21	319	large	1889.0	208.0660170000001	43.829214001622255	30.23243291566195	10.491477012331597	18.388291032329093	35.4400902933387	26.85577420909011	13.152946437965905	15.035633538297272	54.643303256754415	21.02379604162864	47.66330510879634	1.3196450795800547	1.449741544912731	0.910262304485102	0.8108166143021664	0.7002700270027002	87.0	4.0	43.9089968002003	
22	320	medium	1680.0	185.58073564	43.18564576337837	32.14031735997639	21.370622269343187	41.15425504444107	27.586228448267445	23.653326146839643	14.142135623730951	25.494582297844282	39.047529803262705	20.12461179749811	38.74035398155927	1.1662726957305023	1.3436595936403686	0.867982263700233	0.6417398501389765	0.44206008583690987	146.0	3.0	41.48493702538308	
22	321	large	2348.0	222.79393904000005	48.91829923454004	35.4682957019364	25.6713471358336	41.23746103814585	36.345563690772494	30.59261612021851	16.1245154965971	32.871134629812104	47.027915127845716	21.93171219946131	49.86660956890969	1.18805019969351	1.3792120051561805	0.8613978092214883	0.784913166707492	0.6362369337979094	86.0	3.0	45.48626166217664	
22	322	small	1625.0	171.92388139999997	46.66904755831214	37.48332962798263	28.300755766006375	41.63353933657021	17.029386365926403	18.50940680115015	12.165525060596439	21.213203435596427	31.854160552178826	20.8806130178211	31.930099436111995	0.9200395533404248	1.245061418542499	0.738951138986739	0.37687342503532595	0.17413294797687862	125.0	4.0	44.28317965096906	
22	323	small	1891.0	188.16652208000005	50.21951811795888	37.44329045369811	29.544634739569716	39.98401571493088	19.6468827043885	19.17028150191215	13.341664064126334	23.875179311432472	34.15832274627666	23.259406699226016	37.15554000404071	1.0248614608204272	1.3412154089411474	0.764128904267158	0.38743042710337827	0.19305993690851736	146.0	3.0	47.43416490252569	
22	324	no	1208.0	129.88225087999987	43.965895873961216	32.57299494980466	-1.0	-1.0	-1.0	-1.0	-1.0	-1.0	-1.0	-1.0	-1.0	-1.0	1.3497652255100625	-1.0	-1.0	-1.0	66.0	3.0	-1.0	
22	325	large	2167.0	215.4802305600001	42.190046219457976	35.84689665786984	6.083389672891826	10.505063869917365	36.40054944640259	30.895397704251703	13.92838827718412	8.864650160717574	56.62972779414457	21.02379604162864	48.620733903409096	1.1781867899824217	1.1769511492760019	1.0010498657545641	0.8466679071654082	0.7280701754385965	113.0	4.0	41.593268686170845	
22	326	medium	1528.0	169.43860003999993	42.190046219457976	34.132096331752024	13.903997241115661	20.64526774727591	21.37755832643195	19.993651039042508	13.152946437965905	12.325182041639406	38.99555383481712	19.924858845171276	34.957013615549116	1.06921733727807	1.236081306269193	0.8650056690083269	0.5030803868496482	0.3082191780821918	111.0	3.0	41.10960958218893	
22	327	small	1558.0	171.92388139999997	44.94441010848846	34.132096331752024	12.985598095388895	20.386986274949663	19.4164878389476	19.316872786026398	13.341664064126334	11.525348730790606	39.20063939217529	21.18962010041709	33.084673357154124	1.0051568933555985	1.3167784853190538	0.7633454712104065	0.4423408453899728	0.2374900714853058	101.0	4.0	44.28317965096906	
22	328	no	1189.0	128.22539663999987	43.32435804486894	33.83784863137726	-1.0	-1.0	-1.0	-1.0	-1.0	-1.0	-1.0	-1.0	-1.0	-1.0	1.2803520258287047	-1.0	-1.0	-1.0	122.0	3.0	-1.0	
22	329	complex	-1.0	-1.0	-1.0	-1.0	-1.0	-1.0	-1.0	-1.0	-1.0	-1.0	-1.0	-1.0	-1.0	-1.0	-1.0	-1.0	-1.0	-1.0	-1.0	-1.0	-1.0	
22	330	no	1258.0	131.63961019999988	43.86342439892262	34.92849839314596	-1.0	-1.0	-1.0	-1.0	-1.0	-1.0	-1.0	-1.0	-1.0	-1.0	1.255806187406269	-1.0	-1.0	-1.0	139.0	4.0	-1.0	
22	331	medium	1594.0	176.40916276000002	39.92492955535426	34.539832078341085	23.237646935351417	28.910672975041162	25.179356624028344	22.81432735346462	13.038404810405298	19.58675966893791	38.795787916996694	19.026297590440446	40.514931851831605	1.1036642121383677	1.1559097758436994	0.9548013479969079	0.5929898590661697	0.3970201577563541	130.0	3.0	38.63935817272331	
22	332	small	1247.0	136.2253966399999	43.829214001622255	33.54101966249684	9.111357044784	17.850318302216834	7.0710678118654755	-1.0	12.041594578792296	5.772405592092883	25.93838853899756	20.0	18.831370067389106	-1.0	1.3067346921068392	-1.0	0.16561312103601528	0.04351464435146443	76.0	4.0	42.720018726587654	
22	333	large	3025.0	254.93607464000013	53.75872022286245	41.012193308819754	50.502340426182485	62.25860942222799	40.52159917870962	37.010997159534455	16.76305461424021	52.53101242538531	35.35533905932738	23.021728866442675	59.35321373479044	1.0948529434114638	1.3107984695688424	0.8352565011550487	0.7833490018910159	0.6721945826423439	97.0	3.0	46.84015371452148	
